title,price,rating,colors,size,gender,timestamp
Unknown Product,$100.00,⭐ Invalid Rating / 5,,M,Men,2025-08-07 22:48:06
T-shirt 2,$102.15,⭐ 3.9 / 5,,M,Women,2025-08-07 22:48:06
Hoodie 3,$496.88,⭐ 4.8 / 5,,L,Unisex,2025-08-07 22:48:06
Pants 4,$467.31,⭐ 3.3 / 5,,XL,Men,2025-08-07 22:48:06
Outerwear 5,$321.59,⭐ 3.5 / 5,,XXL,Women,2025-08-07 22:48:06
Jacket 6,$153.37,⭐ 3.3 / 5,,S,Unisex,2025-08-07 22:48:06
Crewneck 7,$430.75,⭐ 4.3 / 5,,M,Men,2025-08-07 22:48:06
T-shirt 8,$487.66,⭐ 3.1 / 5,,L,Women,2025-08-07 22:48:06
Hoodie 9,$248.26,⭐ 3.2 / 5,,XL,Unisex,2025-08-07 22:48:06
Pants 10,$193.76,⭐ 4.2 / 5,,XXL,Men,2025-08-07 22:48:06
Unknown Product,$100.00,⭐ Invalid Rating / 5,,M,Men,2025-08-07 22:48:06
Jacket 12,$532.99,⭐ 3.9 / 5,,M,Unisex,2025-08-07 22:48:06
Crewneck 13,$340.45,⭐ 3.2 / 5,,L,Men,2025-08-07 22:48:06
T-shirt 14,$203.05,⭐ 3.8 / 5,,XL,Women,2025-08-07 22:48:06
Hoodie 15,$136.51,⭐ 3.6 / 5,,XXL,Unisex,2025-08-07 22:48:06
Pants 16,,Not Rated,,S,Men,2025-08-07 22:48:06
Outerwear 17,$52.60,⭐ 3.8 / 5,,M,Women,2025-08-07 22:48:06
Jacket 18,$343.75,⭐ 3.8 / 5,,L,Unisex,2025-08-07 22:48:06
Crewneck 19,$81.81,⭐ 3.6 / 5,,XL,Men,2025-08-07 22:48:06
T-shirt 20,$82.85,⭐ 3.4 / 5,,XXL,Women,2025-08-07 22:48:06
Unknown Product,$100.00,⭐ Invalid Rating / 5,,M,Men,2025-08-07 22:48:07
T-shirt 2,$102.15,⭐ 3.9 / 5,,M,Women,2025-08-07 22:48:07
Hoodie 3,$496.88,⭐ 4.8 / 5,,L,Unisex,2025-08-07 22:48:07
Pants 4,$467.31,⭐ 3.3 / 5,,XL,Men,2025-08-07 22:48:07
Outerwear 5,$321.59,⭐ 3.5 / 5,,XXL,Women,2025-08-07 22:48:07
Jacket 6,$153.37,⭐ 3.3 / 5,,S,Unisex,2025-08-07 22:48:07
Crewneck 7,$430.75,⭐ 4.3 / 5,,M,Men,2025-08-07 22:48:07
T-shirt 8,$487.66,⭐ 3.1 / 5,,L,Women,2025-08-07 22:48:07
Hoodie 9,$248.26,⭐ 3.2 / 5,,XL,Unisex,2025-08-07 22:48:07
Pants 10,$193.76,⭐ 4.2 / 5,,XXL,Men,2025-08-07 22:48:07
Unknown Product,$100.00,⭐ Invalid Rating / 5,,M,Men,2025-08-07 22:48:07
Jacket 12,$532.99,⭐ 3.9 / 5,,M,Unisex,2025-08-07 22:48:07
Crewneck 13,$340.45,⭐ 3.2 / 5,,L,Men,2025-08-07 22:48:07
T-shirt 14,$203.05,⭐ 3.8 / 5,,XL,Women,2025-08-07 22:48:07
Hoodie 15,$136.51,⭐ 3.6 / 5,,XXL,Unisex,2025-08-07 22:48:07
Pants 16,,Not Rated,,S,Men,2025-08-07 22:48:07
Outerwear 17,$52.60,⭐ 3.8 / 5,,M,Women,2025-08-07 22:48:07
Jacket 18,$343.75,⭐ 3.8 / 5,,L,Unisex,2025-08-07 22:48:07
Crewneck 19,$81.81,⭐ 3.6 / 5,,XL,Men,2025-08-07 22:48:07
T-shirt 20,$82.85,⭐ 3.4 / 5,,XXL,Women,2025-08-07 22:48:07
Unknown Product,$100.00,⭐ Invalid Rating / 5,,M,Men,2025-08-07 22:48:09
T-shirt 2,$102.15,⭐ 3.9 / 5,,M,Women,2025-08-07 22:48:09
Hoodie 3,$496.88,⭐ 4.8 / 5,,L,Unisex,2025-08-07 22:48:09
Pants 4,$467.31,⭐ 3.3 / 5,,XL,Men,2025-08-07 22:48:09
Outerwear 5,$321.59,⭐ 3.5 / 5,,XXL,Women,2025-08-07 22:48:09
Jacket 6,$153.37,⭐ 3.3 / 5,,S,Unisex,2025-08-07 22:48:09
Crewneck 7,$430.75,⭐ 4.3 / 5,,M,Men,2025-08-07 22:48:09
T-shirt 8,$487.66,⭐ 3.1 / 5,,L,Women,2025-08-07 22:48:09
Hoodie 9,$248.26,⭐ 3.2 / 5,,XL,Unisex,2025-08-07 22:48:09
Pants 10,$193.76,⭐ 4.2 / 5,,XXL,Men,2025-08-07 22:48:09
Unknown Product,$100.00,⭐ Invalid Rating / 5,,M,Men,2025-08-07 22:48:09
Jacket 12,$532.99,⭐ 3.9 / 5,,M,Unisex,2025-08-07 22:48:09
Crewneck 13,$340.45,⭐ 3.2 / 5,,L,Men,2025-08-07 22:48:09
T-shirt 14,$203.05,⭐ 3.8 / 5,,XL,Women,2025-08-07 22:48:09
Hoodie 15,$136.51,⭐ 3.6 / 5,,XXL,Unisex,2025-08-07 22:48:09
Pants 16,,Not Rated,,S,Men,2025-08-07 22:48:09
Outerwear 17,$52.60,⭐ 3.8 / 5,,M,Women,2025-08-07 22:48:09
Jacket 18,$343.75,⭐ 3.8 / 5,,L,Unisex,2025-08-07 22:48:09
Crewneck 19,$81.81,⭐ 3.6 / 5,,XL,Men,2025-08-07 22:48:09
T-shirt 20,$82.85,⭐ 3.4 / 5,,XXL,Women,2025-08-07 22:48:09
Unknown Product,$100.00,⭐ Invalid Rating / 5,,M,Men,2025-08-07 22:48:10
T-shirt 2,$102.15,⭐ 3.9 / 5,,M,Women,2025-08-07 22:48:10
Hoodie 3,$496.88,⭐ 4.8 / 5,,L,Unisex,2025-08-07 22:48:10
Pants 4,$467.31,⭐ 3.3 / 5,,XL,Men,2025-08-07 22:48:10
Outerwear 5,$321.59,⭐ 3.5 / 5,,XXL,Women,2025-08-07 22:48:10
Jacket 6,$153.37,⭐ 3.3 / 5,,S,Unisex,2025-08-07 22:48:10
Crewneck 7,$430.75,⭐ 4.3 / 5,,M,Men,2025-08-07 22:48:10
T-shirt 8,$487.66,⭐ 3.1 / 5,,L,Women,2025-08-07 22:48:10
Hoodie 9,$248.26,⭐ 3.2 / 5,,XL,Unisex,2025-08-07 22:48:10
Pants 10,$193.76,⭐ 4.2 / 5,,XXL,Men,2025-08-07 22:48:10
Unknown Product,$100.00,⭐ Invalid Rating / 5,,M,Men,2025-08-07 22:48:10
Jacket 12,$532.99,⭐ 3.9 / 5,,M,Unisex,2025-08-07 22:48:10
Crewneck 13,$340.45,⭐ 3.2 / 5,,L,Men,2025-08-07 22:48:10
T-shirt 14,$203.05,⭐ 3.8 / 5,,XL,Women,2025-08-07 22:48:10
Hoodie 15,$136.51,⭐ 3.6 / 5,,XXL,Unisex,2025-08-07 22:48:10
Pants 16,,Not Rated,,S,Men,2025-08-07 22:48:10
Outerwear 17,$52.60,⭐ 3.8 / 5,,M,Women,2025-08-07 22:48:10
Jacket 18,$343.75,⭐ 3.8 / 5,,L,Unisex,2025-08-07 22:48:10
Crewneck 19,$81.81,⭐ 3.6 / 5,,XL,Men,2025-08-07 22:48:10
T-shirt 20,$82.85,⭐ 3.4 / 5,,XXL,Women,2025-08-07 22:48:10
Unknown Product,$100.00,⭐ Invalid Rating / 5,,M,Men,2025-08-07 22:48:11
T-shirt 2,$102.15,⭐ 3.9 / 5,,M,Women,2025-08-07 22:48:11
Hoodie 3,$496.88,⭐ 4.8 / 5,,L,Unisex,2025-08-07 22:48:11
Pants 4,$467.31,⭐ 3.3 / 5,,XL,Men,2025-08-07 22:48:11
Outerwear 5,$321.59,⭐ 3.5 / 5,,XXL,Women,2025-08-07 22:48:11
Jacket 6,$153.37,⭐ 3.3 / 5,,S,Unisex,2025-08-07 22:48:11
Crewneck 7,$430.75,⭐ 4.3 / 5,,M,Men,2025-08-07 22:48:11
T-shirt 8,$487.66,⭐ 3.1 / 5,,L,Women,2025-08-07 22:48:11
Hoodie 9,$248.26,⭐ 3.2 / 5,,XL,Unisex,2025-08-07 22:48:11
Pants 10,$193.76,⭐ 4.2 / 5,,XXL,Men,2025-08-07 22:48:11
Unknown Product,$100.00,⭐ Invalid Rating / 5,,M,Men,2025-08-07 22:48:11
Jacket 12,$532.99,⭐ 3.9 / 5,,M,Unisex,2025-08-07 22:48:11
Crewneck 13,$340.45,⭐ 3.2 / 5,,L,Men,2025-08-07 22:48:11
T-shirt 14,$203.05,⭐ 3.8 / 5,,XL,Women,2025-08-07 22:48:11
Hoodie 15,$136.51,⭐ 3.6 / 5,,XXL,Unisex,2025-08-07 22:48:11
Pants 16,,Not Rated,,S,Men,2025-08-07 22:48:11
Outerwear 17,$52.60,⭐ 3.8 / 5,,M,Women,2025-08-07 22:48:11
Jacket 18,$343.75,⭐ 3.8 / 5,,L,Unisex,2025-08-07 22:48:11
Crewneck 19,$81.81,⭐ 3.6 / 5,,XL,Men,2025-08-07 22:48:11
T-shirt 20,$82.85,⭐ 3.4 / 5,,XXL,Women,2025-08-07 22:48:11
Unknown Product,$100.00,⭐ Invalid Rating / 5,,M,Men,2025-08-07 22:48:13
T-shirt 2,$102.15,⭐ 3.9 / 5,,M,Women,2025-08-07 22:48:13
Hoodie 3,$496.88,⭐ 4.8 / 5,,L,Unisex,2025-08-07 22:48:13
Pants 4,$467.31,⭐ 3.3 / 5,,XL,Men,2025-08-07 22:48:13
Outerwear 5,$321.59,⭐ 3.5 / 5,,XXL,Women,2025-08-07 22:48:13
Jacket 6,$153.37,⭐ 3.3 / 5,,S,Unisex,2025-08-07 22:48:13
Crewneck 7,$430.75,⭐ 4.3 / 5,,M,Men,2025-08-07 22:48:13
T-shirt 8,$487.66,⭐ 3.1 / 5,,L,Women,2025-08-07 22:48:13
Hoodie 9,$248.26,⭐ 3.2 / 5,,XL,Unisex,2025-08-07 22:48:13
Pants 10,$193.76,⭐ 4.2 / 5,,XXL,Men,2025-08-07 22:48:13
Unknown Product,$100.00,⭐ Invalid Rating / 5,,M,Men,2025-08-07 22:48:13
Jacket 12,$532.99,⭐ 3.9 / 5,,M,Unisex,2025-08-07 22:48:13
Crewneck 13,$340.45,⭐ 3.2 / 5,,L,Men,2025-08-07 22:48:13
T-shirt 14,$203.05,⭐ 3.8 / 5,,XL,Women,2025-08-07 22:48:13
Hoodie 15,$136.51,⭐ 3.6 / 5,,XXL,Unisex,2025-08-07 22:48:13
Pants 16,,Not Rated,,S,Men,2025-08-07 22:48:13
Outerwear 17,$52.60,⭐ 3.8 / 5,,M,Women,2025-08-07 22:48:13
Jacket 18,$343.75,⭐ 3.8 / 5,,L,Unisex,2025-08-07 22:48:13
Crewneck 19,$81.81,⭐ 3.6 / 5,,XL,Men,2025-08-07 22:48:13
T-shirt 20,$82.85,⭐ 3.4 / 5,,XXL,Women,2025-08-07 22:48:13
Unknown Product,$100.00,⭐ Invalid Rating / 5,,M,Men,2025-08-07 22:48:14
T-shirt 2,$102.15,⭐ 3.9 / 5,,M,Women,2025-08-07 22:48:14
Hoodie 3,$496.88,⭐ 4.8 / 5,,L,Unisex,2025-08-07 22:48:14
Pants 4,$467.31,⭐ 3.3 / 5,,XL,Men,2025-08-07 22:48:14
Outerwear 5,$321.59,⭐ 3.5 / 5,,XXL,Women,2025-08-07 22:48:14
Jacket 6,$153.37,⭐ 3.3 / 5,,S,Unisex,2025-08-07 22:48:14
Crewneck 7,$430.75,⭐ 4.3 / 5,,M,Men,2025-08-07 22:48:14
T-shirt 8,$487.66,⭐ 3.1 / 5,,L,Women,2025-08-07 22:48:14
Hoodie 9,$248.26,⭐ 3.2 / 5,,XL,Unisex,2025-08-07 22:48:14
Pants 10,$193.76,⭐ 4.2 / 5,,XXL,Men,2025-08-07 22:48:14
Unknown Product,$100.00,⭐ Invalid Rating / 5,,M,Men,2025-08-07 22:48:14
Jacket 12,$532.99,⭐ 3.9 / 5,,M,Unisex,2025-08-07 22:48:14
Crewneck 13,$340.45,⭐ 3.2 / 5,,L,Men,2025-08-07 22:48:14
T-shirt 14,$203.05,⭐ 3.8 / 5,,XL,Women,2025-08-07 22:48:14
Hoodie 15,$136.51,⭐ 3.6 / 5,,XXL,Unisex,2025-08-07 22:48:14
Pants 16,,Not Rated,,S,Men,2025-08-07 22:48:14
Outerwear 17,$52.60,⭐ 3.8 / 5,,M,Women,2025-08-07 22:48:14
Jacket 18,$343.75,⭐ 3.8 / 5,,L,Unisex,2025-08-07 22:48:14
Crewneck 19,$81.81,⭐ 3.6 / 5,,XL,Men,2025-08-07 22:48:14
T-shirt 20,$82.85,⭐ 3.4 / 5,,XXL,Women,2025-08-07 22:48:14
Unknown Product,$100.00,⭐ Invalid Rating / 5,,M,Men,2025-08-07 22:48:15
T-shirt 2,$102.15,⭐ 3.9 / 5,,M,Women,2025-08-07 22:48:15
Hoodie 3,$496.88,⭐ 4.8 / 5,,L,Unisex,2025-08-07 22:48:15
Pants 4,$467.31,⭐ 3.3 / 5,,XL,Men,2025-08-07 22:48:15
Outerwear 5,$321.59,⭐ 3.5 / 5,,XXL,Women,2025-08-07 22:48:15
Jacket 6,$153.37,⭐ 3.3 / 5,,S,Unisex,2025-08-07 22:48:15
Crewneck 7,$430.75,⭐ 4.3 / 5,,M,Men,2025-08-07 22:48:15
T-shirt 8,$487.66,⭐ 3.1 / 5,,L,Women,2025-08-07 22:48:15
Hoodie 9,$248.26,⭐ 3.2 / 5,,XL,Unisex,2025-08-07 22:48:15
Pants 10,$193.76,⭐ 4.2 / 5,,XXL,Men,2025-08-07 22:48:15
Unknown Product,$100.00,⭐ Invalid Rating / 5,,M,Men,2025-08-07 22:48:15
Jacket 12,$532.99,⭐ 3.9 / 5,,M,Unisex,2025-08-07 22:48:15
Crewneck 13,$340.45,⭐ 3.2 / 5,,L,Men,2025-08-07 22:48:15
T-shirt 14,$203.05,⭐ 3.8 / 5,,XL,Women,2025-08-07 22:48:15
Hoodie 15,$136.51,⭐ 3.6 / 5,,XXL,Unisex,2025-08-07 22:48:15
Pants 16,,Not Rated,,S,Men,2025-08-07 22:48:15
Outerwear 17,$52.60,⭐ 3.8 / 5,,M,Women,2025-08-07 22:48:15
Jacket 18,$343.75,⭐ 3.8 / 5,,L,Unisex,2025-08-07 22:48:15
Crewneck 19,$81.81,⭐ 3.6 / 5,,XL,Men,2025-08-07 22:48:15
T-shirt 20,$82.85,⭐ 3.4 / 5,,XXL,Women,2025-08-07 22:48:15
Unknown Product,$100.00,⭐ Invalid Rating / 5,,M,Men,2025-08-07 22:48:17
T-shirt 2,$102.15,⭐ 3.9 / 5,,M,Women,2025-08-07 22:48:17
Hoodie 3,$496.88,⭐ 4.8 / 5,,L,Unisex,2025-08-07 22:48:17
Pants 4,$467.31,⭐ 3.3 / 5,,XL,Men,2025-08-07 22:48:17
Outerwear 5,$321.59,⭐ 3.5 / 5,,XXL,Women,2025-08-07 22:48:17
Jacket 6,$153.37,⭐ 3.3 / 5,,S,Unisex,2025-08-07 22:48:17
Crewneck 7,$430.75,⭐ 4.3 / 5,,M,Men,2025-08-07 22:48:17
T-shirt 8,$487.66,⭐ 3.1 / 5,,L,Women,2025-08-07 22:48:17
Hoodie 9,$248.26,⭐ 3.2 / 5,,XL,Unisex,2025-08-07 22:48:17
Pants 10,$193.76,⭐ 4.2 / 5,,XXL,Men,2025-08-07 22:48:17
Unknown Product,$100.00,⭐ Invalid Rating / 5,,M,Men,2025-08-07 22:48:17
Jacket 12,$532.99,⭐ 3.9 / 5,,M,Unisex,2025-08-07 22:48:17
Crewneck 13,$340.45,⭐ 3.2 / 5,,L,Men,2025-08-07 22:48:17
T-shirt 14,$203.05,⭐ 3.8 / 5,,XL,Women,2025-08-07 22:48:17
Hoodie 15,$136.51,⭐ 3.6 / 5,,XXL,Unisex,2025-08-07 22:48:17
Pants 16,,Not Rated,,S,Men,2025-08-07 22:48:17
Outerwear 17,$52.60,⭐ 3.8 / 5,,M,Women,2025-08-07 22:48:17
Jacket 18,$343.75,⭐ 3.8 / 5,,L,Unisex,2025-08-07 22:48:17
Crewneck 19,$81.81,⭐ 3.6 / 5,,XL,Men,2025-08-07 22:48:17
T-shirt 20,$82.85,⭐ 3.4 / 5,,XXL,Women,2025-08-07 22:48:17
Unknown Product,$100.00,⭐ Invalid Rating / 5,,M,Men,2025-08-07 22:48:18
T-shirt 2,$102.15,⭐ 3.9 / 5,,M,Women,2025-08-07 22:48:18
Hoodie 3,$496.88,⭐ 4.8 / 5,,L,Unisex,2025-08-07 22:48:18
Pants 4,$467.31,⭐ 3.3 / 5,,XL,Men,2025-08-07 22:48:18
Outerwear 5,$321.59,⭐ 3.5 / 5,,XXL,Women,2025-08-07 22:48:18
Jacket 6,$153.37,⭐ 3.3 / 5,,S,Unisex,2025-08-07 22:48:18
Crewneck 7,$430.75,⭐ 4.3 / 5,,M,Men,2025-08-07 22:48:18
T-shirt 8,$487.66,⭐ 3.1 / 5,,L,Women,2025-08-07 22:48:18
Hoodie 9,$248.26,⭐ 3.2 / 5,,XL,Unisex,2025-08-07 22:48:18
Pants 10,$193.76,⭐ 4.2 / 5,,XXL,Men,2025-08-07 22:48:18
Unknown Product,$100.00,⭐ Invalid Rating / 5,,M,Men,2025-08-07 22:48:18
Jacket 12,$532.99,⭐ 3.9 / 5,,M,Unisex,2025-08-07 22:48:18
Crewneck 13,$340.45,⭐ 3.2 / 5,,L,Men,2025-08-07 22:48:18
T-shirt 14,$203.05,⭐ 3.8 / 5,,XL,Women,2025-08-07 22:48:18
Hoodie 15,$136.51,⭐ 3.6 / 5,,XXL,Unisex,2025-08-07 22:48:18
Pants 16,,Not Rated,,S,Men,2025-08-07 22:48:18
Outerwear 17,$52.60,⭐ 3.8 / 5,,M,Women,2025-08-07 22:48:18
Jacket 18,$343.75,⭐ 3.8 / 5,,L,Unisex,2025-08-07 22:48:18
Crewneck 19,$81.81,⭐ 3.6 / 5,,XL,Men,2025-08-07 22:48:18
T-shirt 20,$82.85,⭐ 3.4 / 5,,XXL,Women,2025-08-07 22:48:18
Unknown Product,$100.00,⭐ Invalid Rating / 5,,M,Men,2025-08-07 22:48:19
T-shirt 2,$102.15,⭐ 3.9 / 5,,M,Women,2025-08-07 22:48:19
Hoodie 3,$496.88,⭐ 4.8 / 5,,L,Unisex,2025-08-07 22:48:19
Pants 4,$467.31,⭐ 3.3 / 5,,XL,Men,2025-08-07 22:48:19
Outerwear 5,$321.59,⭐ 3.5 / 5,,XXL,Women,2025-08-07 22:48:19
Jacket 6,$153.37,⭐ 3.3 / 5,,S,Unisex,2025-08-07 22:48:19
Crewneck 7,$430.75,⭐ 4.3 / 5,,M,Men,2025-08-07 22:48:19
T-shirt 8,$487.66,⭐ 3.1 / 5,,L,Women,2025-08-07 22:48:19
Hoodie 9,$248.26,⭐ 3.2 / 5,,XL,Unisex,2025-08-07 22:48:19
Pants 10,$193.76,⭐ 4.2 / 5,,XXL,Men,2025-08-07 22:48:19
Unknown Product,$100.00,⭐ Invalid Rating / 5,,M,Men,2025-08-07 22:48:19
Jacket 12,$532.99,⭐ 3.9 / 5,,M,Unisex,2025-08-07 22:48:19
Crewneck 13,$340.45,⭐ 3.2 / 5,,L,Men,2025-08-07 22:48:19
T-shirt 14,$203.05,⭐ 3.8 / 5,,XL,Women,2025-08-07 22:48:19
Hoodie 15,$136.51,⭐ 3.6 / 5,,XXL,Unisex,2025-08-07 22:48:19
Pants 16,,Not Rated,,S,Men,2025-08-07 22:48:19
Outerwear 17,$52.60,⭐ 3.8 / 5,,M,Women,2025-08-07 22:48:19
Jacket 18,$343.75,⭐ 3.8 / 5,,L,Unisex,2025-08-07 22:48:19
Crewneck 19,$81.81,⭐ 3.6 / 5,,XL,Men,2025-08-07 22:48:19
T-shirt 20,$82.85,⭐ 3.4 / 5,,XXL,Women,2025-08-07 22:48:19
Unknown Product,$100.00,⭐ Invalid Rating / 5,,M,Men,2025-08-07 22:48:20
T-shirt 2,$102.15,⭐ 3.9 / 5,,M,Women,2025-08-07 22:48:20
Hoodie 3,$496.88,⭐ 4.8 / 5,,L,Unisex,2025-08-07 22:48:20
Pants 4,$467.31,⭐ 3.3 / 5,,XL,Men,2025-08-07 22:48:20
Outerwear 5,$321.59,⭐ 3.5 / 5,,XXL,Women,2025-08-07 22:48:20
Jacket 6,$153.37,⭐ 3.3 / 5,,S,Unisex,2025-08-07 22:48:20
Crewneck 7,$430.75,⭐ 4.3 / 5,,M,Men,2025-08-07 22:48:20
T-shirt 8,$487.66,⭐ 3.1 / 5,,L,Women,2025-08-07 22:48:20
Hoodie 9,$248.26,⭐ 3.2 / 5,,XL,Unisex,2025-08-07 22:48:20
Pants 10,$193.76,⭐ 4.2 / 5,,XXL,Men,2025-08-07 22:48:20
Unknown Product,$100.00,⭐ Invalid Rating / 5,,M,Men,2025-08-07 22:48:20
Jacket 12,$532.99,⭐ 3.9 / 5,,M,Unisex,2025-08-07 22:48:20
Crewneck 13,$340.45,⭐ 3.2 / 5,,L,Men,2025-08-07 22:48:20
T-shirt 14,$203.05,⭐ 3.8 / 5,,XL,Women,2025-08-07 22:48:20
Hoodie 15,$136.51,⭐ 3.6 / 5,,XXL,Unisex,2025-08-07 22:48:20
Pants 16,,Not Rated,,S,Men,2025-08-07 22:48:20
Outerwear 17,$52.60,⭐ 3.8 / 5,,M,Women,2025-08-07 22:48:20
Jacket 18,$343.75,⭐ 3.8 / 5,,L,Unisex,2025-08-07 22:48:20
Crewneck 19,$81.81,⭐ 3.6 / 5,,XL,Men,2025-08-07 22:48:20
T-shirt 20,$82.85,⭐ 3.4 / 5,,XXL,Women,2025-08-07 22:48:20
Unknown Product,$100.00,⭐ Invalid Rating / 5,,M,Men,2025-08-07 22:48:22
T-shirt 2,$102.15,⭐ 3.9 / 5,,M,Women,2025-08-07 22:48:22
Hoodie 3,$496.88,⭐ 4.8 / 5,,L,Unisex,2025-08-07 22:48:22
Pants 4,$467.31,⭐ 3.3 / 5,,XL,Men,2025-08-07 22:48:22
Outerwear 5,$321.59,⭐ 3.5 / 5,,XXL,Women,2025-08-07 22:48:22
Jacket 6,$153.37,⭐ 3.3 / 5,,S,Unisex,2025-08-07 22:48:22
Crewneck 7,$430.75,⭐ 4.3 / 5,,M,Men,2025-08-07 22:48:22
T-shirt 8,$487.66,⭐ 3.1 / 5,,L,Women,2025-08-07 22:48:22
Hoodie 9,$248.26,⭐ 3.2 / 5,,XL,Unisex,2025-08-07 22:48:22
Pants 10,$193.76,⭐ 4.2 / 5,,XXL,Men,2025-08-07 22:48:22
Unknown Product,$100.00,⭐ Invalid Rating / 5,,M,Men,2025-08-07 22:48:22
Jacket 12,$532.99,⭐ 3.9 / 5,,M,Unisex,2025-08-07 22:48:22
Crewneck 13,$340.45,⭐ 3.2 / 5,,L,Men,2025-08-07 22:48:22
T-shirt 14,$203.05,⭐ 3.8 / 5,,XL,Women,2025-08-07 22:48:22
Hoodie 15,$136.51,⭐ 3.6 / 5,,XXL,Unisex,2025-08-07 22:48:22
Pants 16,,Not Rated,,S,Men,2025-08-07 22:48:22
Outerwear 17,$52.60,⭐ 3.8 / 5,,M,Women,2025-08-07 22:48:22
Jacket 18,$343.75,⭐ 3.8 / 5,,L,Unisex,2025-08-07 22:48:22
Crewneck 19,$81.81,⭐ 3.6 / 5,,XL,Men,2025-08-07 22:48:22
T-shirt 20,$82.85,⭐ 3.4 / 5,,XXL,Women,2025-08-07 22:48:22
Unknown Product,$100.00,⭐ Invalid Rating / 5,,M,Men,2025-08-07 22:48:23
T-shirt 2,$102.15,⭐ 3.9 / 5,,M,Women,2025-08-07 22:48:23
Hoodie 3,$496.88,⭐ 4.8 / 5,,L,Unisex,2025-08-07 22:48:23
Pants 4,$467.31,⭐ 3.3 / 5,,XL,Men,2025-08-07 22:48:23
Outerwear 5,$321.59,⭐ 3.5 / 5,,XXL,Women,2025-08-07 22:48:23
Jacket 6,$153.37,⭐ 3.3 / 5,,S,Unisex,2025-08-07 22:48:23
Crewneck 7,$430.75,⭐ 4.3 / 5,,M,Men,2025-08-07 22:48:23
T-shirt 8,$487.66,⭐ 3.1 / 5,,L,Women,2025-08-07 22:48:23
Hoodie 9,$248.26,⭐ 3.2 / 5,,XL,Unisex,2025-08-07 22:48:23
Pants 10,$193.76,⭐ 4.2 / 5,,XXL,Men,2025-08-07 22:48:23
Unknown Product,$100.00,⭐ Invalid Rating / 5,,M,Men,2025-08-07 22:48:23
Jacket 12,$532.99,⭐ 3.9 / 5,,M,Unisex,2025-08-07 22:48:23
Crewneck 13,$340.45,⭐ 3.2 / 5,,L,Men,2025-08-07 22:48:23
T-shirt 14,$203.05,⭐ 3.8 / 5,,XL,Women,2025-08-07 22:48:23
Hoodie 15,$136.51,⭐ 3.6 / 5,,XXL,Unisex,2025-08-07 22:48:23
Pants 16,,Not Rated,,S,Men,2025-08-07 22:48:23
Outerwear 17,$52.60,⭐ 3.8 / 5,,M,Women,2025-08-07 22:48:23
Jacket 18,$343.75,⭐ 3.8 / 5,,L,Unisex,2025-08-07 22:48:23
Crewneck 19,$81.81,⭐ 3.6 / 5,,XL,Men,2025-08-07 22:48:23
T-shirt 20,$82.85,⭐ 3.4 / 5,,XXL,Women,2025-08-07 22:48:23
Unknown Product,$100.00,⭐ Invalid Rating / 5,,M,Men,2025-08-07 22:48:25
T-shirt 2,$102.15,⭐ 3.9 / 5,,M,Women,2025-08-07 22:48:25
Hoodie 3,$496.88,⭐ 4.8 / 5,,L,Unisex,2025-08-07 22:48:25
Pants 4,$467.31,⭐ 3.3 / 5,,XL,Men,2025-08-07 22:48:25
Outerwear 5,$321.59,⭐ 3.5 / 5,,XXL,Women,2025-08-07 22:48:25
Jacket 6,$153.37,⭐ 3.3 / 5,,S,Unisex,2025-08-07 22:48:25
Crewneck 7,$430.75,⭐ 4.3 / 5,,M,Men,2025-08-07 22:48:25
T-shirt 8,$487.66,⭐ 3.1 / 5,,L,Women,2025-08-07 22:48:25
Hoodie 9,$248.26,⭐ 3.2 / 5,,XL,Unisex,2025-08-07 22:48:25
Pants 10,$193.76,⭐ 4.2 / 5,,XXL,Men,2025-08-07 22:48:25
Unknown Product,$100.00,⭐ Invalid Rating / 5,,M,Men,2025-08-07 22:48:25
Jacket 12,$532.99,⭐ 3.9 / 5,,M,Unisex,2025-08-07 22:48:25
Crewneck 13,$340.45,⭐ 3.2 / 5,,L,Men,2025-08-07 22:48:25
T-shirt 14,$203.05,⭐ 3.8 / 5,,XL,Women,2025-08-07 22:48:25
Hoodie 15,$136.51,⭐ 3.6 / 5,,XXL,Unisex,2025-08-07 22:48:25
Pants 16,,Not Rated,,S,Men,2025-08-07 22:48:25
Outerwear 17,$52.60,⭐ 3.8 / 5,,M,Women,2025-08-07 22:48:25
Jacket 18,$343.75,⭐ 3.8 / 5,,L,Unisex,2025-08-07 22:48:25
Crewneck 19,$81.81,⭐ 3.6 / 5,,XL,Men,2025-08-07 22:48:25
T-shirt 20,$82.85,⭐ 3.4 / 5,,XXL,Women,2025-08-07 22:48:25
Unknown Product,$100.00,⭐ Invalid Rating / 5,,M,Men,2025-08-07 22:48:26
T-shirt 2,$102.15,⭐ 3.9 / 5,,M,Women,2025-08-07 22:48:26
Hoodie 3,$496.88,⭐ 4.8 / 5,,L,Unisex,2025-08-07 22:48:26
Pants 4,$467.31,⭐ 3.3 / 5,,XL,Men,2025-08-07 22:48:26
Outerwear 5,$321.59,⭐ 3.5 / 5,,XXL,Women,2025-08-07 22:48:26
Jacket 6,$153.37,⭐ 3.3 / 5,,S,Unisex,2025-08-07 22:48:26
Crewneck 7,$430.75,⭐ 4.3 / 5,,M,Men,2025-08-07 22:48:26
T-shirt 8,$487.66,⭐ 3.1 / 5,,L,Women,2025-08-07 22:48:26
Hoodie 9,$248.26,⭐ 3.2 / 5,,XL,Unisex,2025-08-07 22:48:26
Pants 10,$193.76,⭐ 4.2 / 5,,XXL,Men,2025-08-07 22:48:26
Unknown Product,$100.00,⭐ Invalid Rating / 5,,M,Men,2025-08-07 22:48:26
Jacket 12,$532.99,⭐ 3.9 / 5,,M,Unisex,2025-08-07 22:48:26
Crewneck 13,$340.45,⭐ 3.2 / 5,,L,Men,2025-08-07 22:48:26
T-shirt 14,$203.05,⭐ 3.8 / 5,,XL,Women,2025-08-07 22:48:26
Hoodie 15,$136.51,⭐ 3.6 / 5,,XXL,Unisex,2025-08-07 22:48:26
Pants 16,,Not Rated,,S,Men,2025-08-07 22:48:26
Outerwear 17,$52.60,⭐ 3.8 / 5,,M,Women,2025-08-07 22:48:26
Jacket 18,$343.75,⭐ 3.8 / 5,,L,Unisex,2025-08-07 22:48:26
Crewneck 19,$81.81,⭐ 3.6 / 5,,XL,Men,2025-08-07 22:48:26
T-shirt 20,$82.85,⭐ 3.4 / 5,,XXL,Women,2025-08-07 22:48:26
Unknown Product,$100.00,⭐ Invalid Rating / 5,,M,Men,2025-08-07 22:48:27
T-shirt 2,$102.15,⭐ 3.9 / 5,,M,Women,2025-08-07 22:48:27
Hoodie 3,$496.88,⭐ 4.8 / 5,,L,Unisex,2025-08-07 22:48:27
Pants 4,$467.31,⭐ 3.3 / 5,,XL,Men,2025-08-07 22:48:27
Outerwear 5,$321.59,⭐ 3.5 / 5,,XXL,Women,2025-08-07 22:48:27
Jacket 6,$153.37,⭐ 3.3 / 5,,S,Unisex,2025-08-07 22:48:27
Crewneck 7,$430.75,⭐ 4.3 / 5,,M,Men,2025-08-07 22:48:27
T-shirt 8,$487.66,⭐ 3.1 / 5,,L,Women,2025-08-07 22:48:27
Hoodie 9,$248.26,⭐ 3.2 / 5,,XL,Unisex,2025-08-07 22:48:27
Pants 10,$193.76,⭐ 4.2 / 5,,XXL,Men,2025-08-07 22:48:27
Unknown Product,$100.00,⭐ Invalid Rating / 5,,M,Men,2025-08-07 22:48:27
Jacket 12,$532.99,⭐ 3.9 / 5,,M,Unisex,2025-08-07 22:48:27
Crewneck 13,$340.45,⭐ 3.2 / 5,,L,Men,2025-08-07 22:48:27
T-shirt 14,$203.05,⭐ 3.8 / 5,,XL,Women,2025-08-07 22:48:27
Hoodie 15,$136.51,⭐ 3.6 / 5,,XXL,Unisex,2025-08-07 22:48:27
Pants 16,,Not Rated,,S,Men,2025-08-07 22:48:27
Outerwear 17,$52.60,⭐ 3.8 / 5,,M,Women,2025-08-07 22:48:27
Jacket 18,$343.75,⭐ 3.8 / 5,,L,Unisex,2025-08-07 22:48:27
Crewneck 19,$81.81,⭐ 3.6 / 5,,XL,Men,2025-08-07 22:48:27
T-shirt 20,$82.85,⭐ 3.4 / 5,,XXL,Women,2025-08-07 22:48:27
Unknown Product,$100.00,⭐ Invalid Rating / 5,,M,Men,2025-08-07 22:48:29
T-shirt 2,$102.15,⭐ 3.9 / 5,,M,Women,2025-08-07 22:48:29
Hoodie 3,$496.88,⭐ 4.8 / 5,,L,Unisex,2025-08-07 22:48:29
Pants 4,$467.31,⭐ 3.3 / 5,,XL,Men,2025-08-07 22:48:29
Outerwear 5,$321.59,⭐ 3.5 / 5,,XXL,Women,2025-08-07 22:48:29
Jacket 6,$153.37,⭐ 3.3 / 5,,S,Unisex,2025-08-07 22:48:29
Crewneck 7,$430.75,⭐ 4.3 / 5,,M,Men,2025-08-07 22:48:29
T-shirt 8,$487.66,⭐ 3.1 / 5,,L,Women,2025-08-07 22:48:29
Hoodie 9,$248.26,⭐ 3.2 / 5,,XL,Unisex,2025-08-07 22:48:29
Pants 10,$193.76,⭐ 4.2 / 5,,XXL,Men,2025-08-07 22:48:29
Unknown Product,$100.00,⭐ Invalid Rating / 5,,M,Men,2025-08-07 22:48:29
Jacket 12,$532.99,⭐ 3.9 / 5,,M,Unisex,2025-08-07 22:48:29
Crewneck 13,$340.45,⭐ 3.2 / 5,,L,Men,2025-08-07 22:48:29
T-shirt 14,$203.05,⭐ 3.8 / 5,,XL,Women,2025-08-07 22:48:29
Hoodie 15,$136.51,⭐ 3.6 / 5,,XXL,Unisex,2025-08-07 22:48:29
Pants 16,,Not Rated,,S,Men,2025-08-07 22:48:29
Outerwear 17,$52.60,⭐ 3.8 / 5,,M,Women,2025-08-07 22:48:29
Jacket 18,$343.75,⭐ 3.8 / 5,,L,Unisex,2025-08-07 22:48:29
Crewneck 19,$81.81,⭐ 3.6 / 5,,XL,Men,2025-08-07 22:48:29
T-shirt 20,$82.85,⭐ 3.4 / 5,,XXL,Women,2025-08-07 22:48:29
Unknown Product,$100.00,⭐ Invalid Rating / 5,,M,Men,2025-08-07 22:48:30
T-shirt 2,$102.15,⭐ 3.9 / 5,,M,Women,2025-08-07 22:48:30
Hoodie 3,$496.88,⭐ 4.8 / 5,,L,Unisex,2025-08-07 22:48:30
Pants 4,$467.31,⭐ 3.3 / 5,,XL,Men,2025-08-07 22:48:30
Outerwear 5,$321.59,⭐ 3.5 / 5,,XXL,Women,2025-08-07 22:48:30
Jacket 6,$153.37,⭐ 3.3 / 5,,S,Unisex,2025-08-07 22:48:30
Crewneck 7,$430.75,⭐ 4.3 / 5,,M,Men,2025-08-07 22:48:30
T-shirt 8,$487.66,⭐ 3.1 / 5,,L,Women,2025-08-07 22:48:30
Hoodie 9,$248.26,⭐ 3.2 / 5,,XL,Unisex,2025-08-07 22:48:30
Pants 10,$193.76,⭐ 4.2 / 5,,XXL,Men,2025-08-07 22:48:30
Unknown Product,$100.00,⭐ Invalid Rating / 5,,M,Men,2025-08-07 22:48:30
Jacket 12,$532.99,⭐ 3.9 / 5,,M,Unisex,2025-08-07 22:48:30
Crewneck 13,$340.45,⭐ 3.2 / 5,,L,Men,2025-08-07 22:48:30
T-shirt 14,$203.05,⭐ 3.8 / 5,,XL,Women,2025-08-07 22:48:30
Hoodie 15,$136.51,⭐ 3.6 / 5,,XXL,Unisex,2025-08-07 22:48:30
Pants 16,,Not Rated,,S,Men,2025-08-07 22:48:30
Outerwear 17,$52.60,⭐ 3.8 / 5,,M,Women,2025-08-07 22:48:30
Jacket 18,$343.75,⭐ 3.8 / 5,,L,Unisex,2025-08-07 22:48:30
Crewneck 19,$81.81,⭐ 3.6 / 5,,XL,Men,2025-08-07 22:48:30
T-shirt 20,$82.85,⭐ 3.4 / 5,,XXL,Women,2025-08-07 22:48:30
Unknown Product,$100.00,⭐ Invalid Rating / 5,,M,Men,2025-08-07 22:48:32
T-shirt 2,$102.15,⭐ 3.9 / 5,,M,Women,2025-08-07 22:48:32
Hoodie 3,$496.88,⭐ 4.8 / 5,,L,Unisex,2025-08-07 22:48:32
Pants 4,$467.31,⭐ 3.3 / 5,,XL,Men,2025-08-07 22:48:32
Outerwear 5,$321.59,⭐ 3.5 / 5,,XXL,Women,2025-08-07 22:48:32
Jacket 6,$153.37,⭐ 3.3 / 5,,S,Unisex,2025-08-07 22:48:32
Crewneck 7,$430.75,⭐ 4.3 / 5,,M,Men,2025-08-07 22:48:32
T-shirt 8,$487.66,⭐ 3.1 / 5,,L,Women,2025-08-07 22:48:32
Hoodie 9,$248.26,⭐ 3.2 / 5,,XL,Unisex,2025-08-07 22:48:32
Pants 10,$193.76,⭐ 4.2 / 5,,XXL,Men,2025-08-07 22:48:32
Unknown Product,$100.00,⭐ Invalid Rating / 5,,M,Men,2025-08-07 22:48:32
Jacket 12,$532.99,⭐ 3.9 / 5,,M,Unisex,2025-08-07 22:48:32
Crewneck 13,$340.45,⭐ 3.2 / 5,,L,Men,2025-08-07 22:48:32
T-shirt 14,$203.05,⭐ 3.8 / 5,,XL,Women,2025-08-07 22:48:32
Hoodie 15,$136.51,⭐ 3.6 / 5,,XXL,Unisex,2025-08-07 22:48:32
Pants 16,,Not Rated,,S,Men,2025-08-07 22:48:32
Outerwear 17,$52.60,⭐ 3.8 / 5,,M,Women,2025-08-07 22:48:32
Jacket 18,$343.75,⭐ 3.8 / 5,,L,Unisex,2025-08-07 22:48:32
Crewneck 19,$81.81,⭐ 3.6 / 5,,XL,Men,2025-08-07 22:48:32
T-shirt 20,$82.85,⭐ 3.4 / 5,,XXL,Women,2025-08-07 22:48:32
Unknown Product,$100.00,⭐ Invalid Rating / 5,,M,Men,2025-08-07 22:48:33
T-shirt 2,$102.15,⭐ 3.9 / 5,,M,Women,2025-08-07 22:48:33
Hoodie 3,$496.88,⭐ 4.8 / 5,,L,Unisex,2025-08-07 22:48:33
Pants 4,$467.31,⭐ 3.3 / 5,,XL,Men,2025-08-07 22:48:33
Outerwear 5,$321.59,⭐ 3.5 / 5,,XXL,Women,2025-08-07 22:48:33
Jacket 6,$153.37,⭐ 3.3 / 5,,S,Unisex,2025-08-07 22:48:33
Crewneck 7,$430.75,⭐ 4.3 / 5,,M,Men,2025-08-07 22:48:33
T-shirt 8,$487.66,⭐ 3.1 / 5,,L,Women,2025-08-07 22:48:33
Hoodie 9,$248.26,⭐ 3.2 / 5,,XL,Unisex,2025-08-07 22:48:33
Pants 10,$193.76,⭐ 4.2 / 5,,XXL,Men,2025-08-07 22:48:33
Unknown Product,$100.00,⭐ Invalid Rating / 5,,M,Men,2025-08-07 22:48:33
Jacket 12,$532.99,⭐ 3.9 / 5,,M,Unisex,2025-08-07 22:48:33
Crewneck 13,$340.45,⭐ 3.2 / 5,,L,Men,2025-08-07 22:48:33
T-shirt 14,$203.05,⭐ 3.8 / 5,,XL,Women,2025-08-07 22:48:33
Hoodie 15,$136.51,⭐ 3.6 / 5,,XXL,Unisex,2025-08-07 22:48:33
Pants 16,,Not Rated,,S,Men,2025-08-07 22:48:33
Outerwear 17,$52.60,⭐ 3.8 / 5,,M,Women,2025-08-07 22:48:33
Jacket 18,$343.75,⭐ 3.8 / 5,,L,Unisex,2025-08-07 22:48:33
Crewneck 19,$81.81,⭐ 3.6 / 5,,XL,Men,2025-08-07 22:48:33
T-shirt 20,$82.85,⭐ 3.4 / 5,,XXL,Women,2025-08-07 22:48:33
Unknown Product,$100.00,⭐ Invalid Rating / 5,,M,Men,2025-08-07 22:48:34
T-shirt 2,$102.15,⭐ 3.9 / 5,,M,Women,2025-08-07 22:48:34
Hoodie 3,$496.88,⭐ 4.8 / 5,,L,Unisex,2025-08-07 22:48:34
Pants 4,$467.31,⭐ 3.3 / 5,,XL,Men,2025-08-07 22:48:34
Outerwear 5,$321.59,⭐ 3.5 / 5,,XXL,Women,2025-08-07 22:48:34
Jacket 6,$153.37,⭐ 3.3 / 5,,S,Unisex,2025-08-07 22:48:34
Crewneck 7,$430.75,⭐ 4.3 / 5,,M,Men,2025-08-07 22:48:34
T-shirt 8,$487.66,⭐ 3.1 / 5,,L,Women,2025-08-07 22:48:34
Hoodie 9,$248.26,⭐ 3.2 / 5,,XL,Unisex,2025-08-07 22:48:34
Pants 10,$193.76,⭐ 4.2 / 5,,XXL,Men,2025-08-07 22:48:34
Unknown Product,$100.00,⭐ Invalid Rating / 5,,M,Men,2025-08-07 22:48:34
Jacket 12,$532.99,⭐ 3.9 / 5,,M,Unisex,2025-08-07 22:48:34
Crewneck 13,$340.45,⭐ 3.2 / 5,,L,Men,2025-08-07 22:48:34
T-shirt 14,$203.05,⭐ 3.8 / 5,,XL,Women,2025-08-07 22:48:34
Hoodie 15,$136.51,⭐ 3.6 / 5,,XXL,Unisex,2025-08-07 22:48:34
Pants 16,,Not Rated,,S,Men,2025-08-07 22:48:34
Outerwear 17,$52.60,⭐ 3.8 / 5,,M,Women,2025-08-07 22:48:34
Jacket 18,$343.75,⭐ 3.8 / 5,,L,Unisex,2025-08-07 22:48:34
Crewneck 19,$81.81,⭐ 3.6 / 5,,XL,Men,2025-08-07 22:48:34
T-shirt 20,$82.85,⭐ 3.4 / 5,,XXL,Women,2025-08-07 22:48:34
Unknown Product,$100.00,⭐ Invalid Rating / 5,,M,Men,2025-08-07 22:48:36
T-shirt 2,$102.15,⭐ 3.9 / 5,,M,Women,2025-08-07 22:48:36
Hoodie 3,$496.88,⭐ 4.8 / 5,,L,Unisex,2025-08-07 22:48:36
Pants 4,$467.31,⭐ 3.3 / 5,,XL,Men,2025-08-07 22:48:36
Outerwear 5,$321.59,⭐ 3.5 / 5,,XXL,Women,2025-08-07 22:48:36
Jacket 6,$153.37,⭐ 3.3 / 5,,S,Unisex,2025-08-07 22:48:36
Crewneck 7,$430.75,⭐ 4.3 / 5,,M,Men,2025-08-07 22:48:36
T-shirt 8,$487.66,⭐ 3.1 / 5,,L,Women,2025-08-07 22:48:36
Hoodie 9,$248.26,⭐ 3.2 / 5,,XL,Unisex,2025-08-07 22:48:36
Pants 10,$193.76,⭐ 4.2 / 5,,XXL,Men,2025-08-07 22:48:36
Unknown Product,$100.00,⭐ Invalid Rating / 5,,M,Men,2025-08-07 22:48:36
Jacket 12,$532.99,⭐ 3.9 / 5,,M,Unisex,2025-08-07 22:48:36
Crewneck 13,$340.45,⭐ 3.2 / 5,,L,Men,2025-08-07 22:48:36
T-shirt 14,$203.05,⭐ 3.8 / 5,,XL,Women,2025-08-07 22:48:36
Hoodie 15,$136.51,⭐ 3.6 / 5,,XXL,Unisex,2025-08-07 22:48:36
Pants 16,,Not Rated,,S,Men,2025-08-07 22:48:36
Outerwear 17,$52.60,⭐ 3.8 / 5,,M,Women,2025-08-07 22:48:36
Jacket 18,$343.75,⭐ 3.8 / 5,,L,Unisex,2025-08-07 22:48:36
Crewneck 19,$81.81,⭐ 3.6 / 5,,XL,Men,2025-08-07 22:48:36
T-shirt 20,$82.85,⭐ 3.4 / 5,,XXL,Women,2025-08-07 22:48:36
Unknown Product,$100.00,⭐ Invalid Rating / 5,,M,Men,2025-08-07 22:48:37
T-shirt 2,$102.15,⭐ 3.9 / 5,,M,Women,2025-08-07 22:48:37
Hoodie 3,$496.88,⭐ 4.8 / 5,,L,Unisex,2025-08-07 22:48:37
Pants 4,$467.31,⭐ 3.3 / 5,,XL,Men,2025-08-07 22:48:37
Outerwear 5,$321.59,⭐ 3.5 / 5,,XXL,Women,2025-08-07 22:48:37
Jacket 6,$153.37,⭐ 3.3 / 5,,S,Unisex,2025-08-07 22:48:37
Crewneck 7,$430.75,⭐ 4.3 / 5,,M,Men,2025-08-07 22:48:37
T-shirt 8,$487.66,⭐ 3.1 / 5,,L,Women,2025-08-07 22:48:37
Hoodie 9,$248.26,⭐ 3.2 / 5,,XL,Unisex,2025-08-07 22:48:37
Pants 10,$193.76,⭐ 4.2 / 5,,XXL,Men,2025-08-07 22:48:37
Unknown Product,$100.00,⭐ Invalid Rating / 5,,M,Men,2025-08-07 22:48:37
Jacket 12,$532.99,⭐ 3.9 / 5,,M,Unisex,2025-08-07 22:48:37
Crewneck 13,$340.45,⭐ 3.2 / 5,,L,Men,2025-08-07 22:48:37
T-shirt 14,$203.05,⭐ 3.8 / 5,,XL,Women,2025-08-07 22:48:37
Hoodie 15,$136.51,⭐ 3.6 / 5,,XXL,Unisex,2025-08-07 22:48:37
Pants 16,,Not Rated,,S,Men,2025-08-07 22:48:37
Outerwear 17,$52.60,⭐ 3.8 / 5,,M,Women,2025-08-07 22:48:37
Jacket 18,$343.75,⭐ 3.8 / 5,,L,Unisex,2025-08-07 22:48:37
Crewneck 19,$81.81,⭐ 3.6 / 5,,XL,Men,2025-08-07 22:48:37
T-shirt 20,$82.85,⭐ 3.4 / 5,,XXL,Women,2025-08-07 22:48:37
Unknown Product,$100.00,⭐ Invalid Rating / 5,,M,Men,2025-08-07 22:48:39
T-shirt 2,$102.15,⭐ 3.9 / 5,,M,Women,2025-08-07 22:48:39
Hoodie 3,$496.88,⭐ 4.8 / 5,,L,Unisex,2025-08-07 22:48:39
Pants 4,$467.31,⭐ 3.3 / 5,,XL,Men,2025-08-07 22:48:39
Outerwear 5,$321.59,⭐ 3.5 / 5,,XXL,Women,2025-08-07 22:48:39
Jacket 6,$153.37,⭐ 3.3 / 5,,S,Unisex,2025-08-07 22:48:39
Crewneck 7,$430.75,⭐ 4.3 / 5,,M,Men,2025-08-07 22:48:39
T-shirt 8,$487.66,⭐ 3.1 / 5,,L,Women,2025-08-07 22:48:39
Hoodie 9,$248.26,⭐ 3.2 / 5,,XL,Unisex,2025-08-07 22:48:39
Pants 10,$193.76,⭐ 4.2 / 5,,XXL,Men,2025-08-07 22:48:39
Unknown Product,$100.00,⭐ Invalid Rating / 5,,M,Men,2025-08-07 22:48:39
Jacket 12,$532.99,⭐ 3.9 / 5,,M,Unisex,2025-08-07 22:48:39
Crewneck 13,$340.45,⭐ 3.2 / 5,,L,Men,2025-08-07 22:48:39
T-shirt 14,$203.05,⭐ 3.8 / 5,,XL,Women,2025-08-07 22:48:39
Hoodie 15,$136.51,⭐ 3.6 / 5,,XXL,Unisex,2025-08-07 22:48:39
Pants 16,,Not Rated,,S,Men,2025-08-07 22:48:39
Outerwear 17,$52.60,⭐ 3.8 / 5,,M,Women,2025-08-07 22:48:39
Jacket 18,$343.75,⭐ 3.8 / 5,,L,Unisex,2025-08-07 22:48:39
Crewneck 19,$81.81,⭐ 3.6 / 5,,XL,Men,2025-08-07 22:48:39
T-shirt 20,$82.85,⭐ 3.4 / 5,,XXL,Women,2025-08-07 22:48:39
Unknown Product,$100.00,⭐ Invalid Rating / 5,,M,Men,2025-08-07 22:48:40
T-shirt 2,$102.15,⭐ 3.9 / 5,,M,Women,2025-08-07 22:48:40
Hoodie 3,$496.88,⭐ 4.8 / 5,,L,Unisex,2025-08-07 22:48:40
Pants 4,$467.31,⭐ 3.3 / 5,,XL,Men,2025-08-07 22:48:40
Outerwear 5,$321.59,⭐ 3.5 / 5,,XXL,Women,2025-08-07 22:48:40
Jacket 6,$153.37,⭐ 3.3 / 5,,S,Unisex,2025-08-07 22:48:40
Crewneck 7,$430.75,⭐ 4.3 / 5,,M,Men,2025-08-07 22:48:40
T-shirt 8,$487.66,⭐ 3.1 / 5,,L,Women,2025-08-07 22:48:40
Hoodie 9,$248.26,⭐ 3.2 / 5,,XL,Unisex,2025-08-07 22:48:40
Pants 10,$193.76,⭐ 4.2 / 5,,XXL,Men,2025-08-07 22:48:40
Unknown Product,$100.00,⭐ Invalid Rating / 5,,M,Men,2025-08-07 22:48:40
Jacket 12,$532.99,⭐ 3.9 / 5,,M,Unisex,2025-08-07 22:48:40
Crewneck 13,$340.45,⭐ 3.2 / 5,,L,Men,2025-08-07 22:48:40
T-shirt 14,$203.05,⭐ 3.8 / 5,,XL,Women,2025-08-07 22:48:40
Hoodie 15,$136.51,⭐ 3.6 / 5,,XXL,Unisex,2025-08-07 22:48:40
Pants 16,,Not Rated,,S,Men,2025-08-07 22:48:40
Outerwear 17,$52.60,⭐ 3.8 / 5,,M,Women,2025-08-07 22:48:40
Jacket 18,$343.75,⭐ 3.8 / 5,,L,Unisex,2025-08-07 22:48:40
Crewneck 19,$81.81,⭐ 3.6 / 5,,XL,Men,2025-08-07 22:48:40
T-shirt 20,$82.85,⭐ 3.4 / 5,,XXL,Women,2025-08-07 22:48:40
Unknown Product,$100.00,⭐ Invalid Rating / 5,,M,Men,2025-08-07 22:48:42
T-shirt 2,$102.15,⭐ 3.9 / 5,,M,Women,2025-08-07 22:48:42
Hoodie 3,$496.88,⭐ 4.8 / 5,,L,Unisex,2025-08-07 22:48:42
Pants 4,$467.31,⭐ 3.3 / 5,,XL,Men,2025-08-07 22:48:42
Outerwear 5,$321.59,⭐ 3.5 / 5,,XXL,Women,2025-08-07 22:48:42
Jacket 6,$153.37,⭐ 3.3 / 5,,S,Unisex,2025-08-07 22:48:42
Crewneck 7,$430.75,⭐ 4.3 / 5,,M,Men,2025-08-07 22:48:42
T-shirt 8,$487.66,⭐ 3.1 / 5,,L,Women,2025-08-07 22:48:42
Hoodie 9,$248.26,⭐ 3.2 / 5,,XL,Unisex,2025-08-07 22:48:42
Pants 10,$193.76,⭐ 4.2 / 5,,XXL,Men,2025-08-07 22:48:42
Unknown Product,$100.00,⭐ Invalid Rating / 5,,M,Men,2025-08-07 22:48:42
Jacket 12,$532.99,⭐ 3.9 / 5,,M,Unisex,2025-08-07 22:48:42
Crewneck 13,$340.45,⭐ 3.2 / 5,,L,Men,2025-08-07 22:48:42
T-shirt 14,$203.05,⭐ 3.8 / 5,,XL,Women,2025-08-07 22:48:42
Hoodie 15,$136.51,⭐ 3.6 / 5,,XXL,Unisex,2025-08-07 22:48:42
Pants 16,,Not Rated,,S,Men,2025-08-07 22:48:42
Outerwear 17,$52.60,⭐ 3.8 / 5,,M,Women,2025-08-07 22:48:42
Jacket 18,$343.75,⭐ 3.8 / 5,,L,Unisex,2025-08-07 22:48:42
Crewneck 19,$81.81,⭐ 3.6 / 5,,XL,Men,2025-08-07 22:48:42
T-shirt 20,$82.85,⭐ 3.4 / 5,,XXL,Women,2025-08-07 22:48:42
Unknown Product,$100.00,⭐ Invalid Rating / 5,,M,Men,2025-08-07 22:48:43
T-shirt 2,$102.15,⭐ 3.9 / 5,,M,Women,2025-08-07 22:48:43
Hoodie 3,$496.88,⭐ 4.8 / 5,,L,Unisex,2025-08-07 22:48:43
Pants 4,$467.31,⭐ 3.3 / 5,,XL,Men,2025-08-07 22:48:43
Outerwear 5,$321.59,⭐ 3.5 / 5,,XXL,Women,2025-08-07 22:48:43
Jacket 6,$153.37,⭐ 3.3 / 5,,S,Unisex,2025-08-07 22:48:43
Crewneck 7,$430.75,⭐ 4.3 / 5,,M,Men,2025-08-07 22:48:43
T-shirt 8,$487.66,⭐ 3.1 / 5,,L,Women,2025-08-07 22:48:43
Hoodie 9,$248.26,⭐ 3.2 / 5,,XL,Unisex,2025-08-07 22:48:43
Pants 10,$193.76,⭐ 4.2 / 5,,XXL,Men,2025-08-07 22:48:43
Unknown Product,$100.00,⭐ Invalid Rating / 5,,M,Men,2025-08-07 22:48:43
Jacket 12,$532.99,⭐ 3.9 / 5,,M,Unisex,2025-08-07 22:48:43
Crewneck 13,$340.45,⭐ 3.2 / 5,,L,Men,2025-08-07 22:48:43
T-shirt 14,$203.05,⭐ 3.8 / 5,,XL,Women,2025-08-07 22:48:43
Hoodie 15,$136.51,⭐ 3.6 / 5,,XXL,Unisex,2025-08-07 22:48:43
Pants 16,,Not Rated,,S,Men,2025-08-07 22:48:43
Outerwear 17,$52.60,⭐ 3.8 / 5,,M,Women,2025-08-07 22:48:43
Jacket 18,$343.75,⭐ 3.8 / 5,,L,Unisex,2025-08-07 22:48:43
Crewneck 19,$81.81,⭐ 3.6 / 5,,XL,Men,2025-08-07 22:48:43
T-shirt 20,$82.85,⭐ 3.4 / 5,,XXL,Women,2025-08-07 22:48:43
Unknown Product,$100.00,⭐ Invalid Rating / 5,,M,Men,2025-08-07 22:48:44
T-shirt 2,$102.15,⭐ 3.9 / 5,,M,Women,2025-08-07 22:48:44
Hoodie 3,$496.88,⭐ 4.8 / 5,,L,Unisex,2025-08-07 22:48:44
Pants 4,$467.31,⭐ 3.3 / 5,,XL,Men,2025-08-07 22:48:44
Outerwear 5,$321.59,⭐ 3.5 / 5,,XXL,Women,2025-08-07 22:48:44
Jacket 6,$153.37,⭐ 3.3 / 5,,S,Unisex,2025-08-07 22:48:44
Crewneck 7,$430.75,⭐ 4.3 / 5,,M,Men,2025-08-07 22:48:44
T-shirt 8,$487.66,⭐ 3.1 / 5,,L,Women,2025-08-07 22:48:44
Hoodie 9,$248.26,⭐ 3.2 / 5,,XL,Unisex,2025-08-07 22:48:44
Pants 10,$193.76,⭐ 4.2 / 5,,XXL,Men,2025-08-07 22:48:44
Unknown Product,$100.00,⭐ Invalid Rating / 5,,M,Men,2025-08-07 22:48:44
Jacket 12,$532.99,⭐ 3.9 / 5,,M,Unisex,2025-08-07 22:48:44
Crewneck 13,$340.45,⭐ 3.2 / 5,,L,Men,2025-08-07 22:48:44
T-shirt 14,$203.05,⭐ 3.8 / 5,,XL,Women,2025-08-07 22:48:44
Hoodie 15,$136.51,⭐ 3.6 / 5,,XXL,Unisex,2025-08-07 22:48:44
Pants 16,,Not Rated,,S,Men,2025-08-07 22:48:44
Outerwear 17,$52.60,⭐ 3.8 / 5,,M,Women,2025-08-07 22:48:44
Jacket 18,$343.75,⭐ 3.8 / 5,,L,Unisex,2025-08-07 22:48:44
Crewneck 19,$81.81,⭐ 3.6 / 5,,XL,Men,2025-08-07 22:48:44
T-shirt 20,$82.85,⭐ 3.4 / 5,,XXL,Women,2025-08-07 22:48:44
Unknown Product,$100.00,⭐ Invalid Rating / 5,,M,Men,2025-08-07 22:48:46
T-shirt 2,$102.15,⭐ 3.9 / 5,,M,Women,2025-08-07 22:48:46
Hoodie 3,$496.88,⭐ 4.8 / 5,,L,Unisex,2025-08-07 22:48:46
Pants 4,$467.31,⭐ 3.3 / 5,,XL,Men,2025-08-07 22:48:46
Outerwear 5,$321.59,⭐ 3.5 / 5,,XXL,Women,2025-08-07 22:48:46
Jacket 6,$153.37,⭐ 3.3 / 5,,S,Unisex,2025-08-07 22:48:46
Crewneck 7,$430.75,⭐ 4.3 / 5,,M,Men,2025-08-07 22:48:46
T-shirt 8,$487.66,⭐ 3.1 / 5,,L,Women,2025-08-07 22:48:46
Hoodie 9,$248.26,⭐ 3.2 / 5,,XL,Unisex,2025-08-07 22:48:46
Pants 10,$193.76,⭐ 4.2 / 5,,XXL,Men,2025-08-07 22:48:46
Unknown Product,$100.00,⭐ Invalid Rating / 5,,M,Men,2025-08-07 22:48:46
Jacket 12,$532.99,⭐ 3.9 / 5,,M,Unisex,2025-08-07 22:48:46
Crewneck 13,$340.45,⭐ 3.2 / 5,,L,Men,2025-08-07 22:48:46
T-shirt 14,$203.05,⭐ 3.8 / 5,,XL,Women,2025-08-07 22:48:46
Hoodie 15,$136.51,⭐ 3.6 / 5,,XXL,Unisex,2025-08-07 22:48:46
Pants 16,,Not Rated,,S,Men,2025-08-07 22:48:46
Outerwear 17,$52.60,⭐ 3.8 / 5,,M,Women,2025-08-07 22:48:46
Jacket 18,$343.75,⭐ 3.8 / 5,,L,Unisex,2025-08-07 22:48:46
Crewneck 19,$81.81,⭐ 3.6 / 5,,XL,Men,2025-08-07 22:48:46
T-shirt 20,$82.85,⭐ 3.4 / 5,,XXL,Women,2025-08-07 22:48:46
Unknown Product,$100.00,⭐ Invalid Rating / 5,,M,Men,2025-08-07 22:48:47
T-shirt 2,$102.15,⭐ 3.9 / 5,,M,Women,2025-08-07 22:48:47
Hoodie 3,$496.88,⭐ 4.8 / 5,,L,Unisex,2025-08-07 22:48:47
Pants 4,$467.31,⭐ 3.3 / 5,,XL,Men,2025-08-07 22:48:47
Outerwear 5,$321.59,⭐ 3.5 / 5,,XXL,Women,2025-08-07 22:48:47
Jacket 6,$153.37,⭐ 3.3 / 5,,S,Unisex,2025-08-07 22:48:47
Crewneck 7,$430.75,⭐ 4.3 / 5,,M,Men,2025-08-07 22:48:47
T-shirt 8,$487.66,⭐ 3.1 / 5,,L,Women,2025-08-07 22:48:47
Hoodie 9,$248.26,⭐ 3.2 / 5,,XL,Unisex,2025-08-07 22:48:47
Pants 10,$193.76,⭐ 4.2 / 5,,XXL,Men,2025-08-07 22:48:47
Unknown Product,$100.00,⭐ Invalid Rating / 5,,M,Men,2025-08-07 22:48:47
Jacket 12,$532.99,⭐ 3.9 / 5,,M,Unisex,2025-08-07 22:48:47
Crewneck 13,$340.45,⭐ 3.2 / 5,,L,Men,2025-08-07 22:48:47
T-shirt 14,$203.05,⭐ 3.8 / 5,,XL,Women,2025-08-07 22:48:47
Hoodie 15,$136.51,⭐ 3.6 / 5,,XXL,Unisex,2025-08-07 22:48:47
Pants 16,,Not Rated,,S,Men,2025-08-07 22:48:47
Outerwear 17,$52.60,⭐ 3.8 / 5,,M,Women,2025-08-07 22:48:47
Jacket 18,$343.75,⭐ 3.8 / 5,,L,Unisex,2025-08-07 22:48:47
Crewneck 19,$81.81,⭐ 3.6 / 5,,XL,Men,2025-08-07 22:48:47
T-shirt 20,$82.85,⭐ 3.4 / 5,,XXL,Women,2025-08-07 22:48:47
Unknown Product,$100.00,⭐ Invalid Rating / 5,,M,Men,2025-08-07 22:48:48
T-shirt 2,$102.15,⭐ 3.9 / 5,,M,Women,2025-08-07 22:48:48
Hoodie 3,$496.88,⭐ 4.8 / 5,,L,Unisex,2025-08-07 22:48:48
Pants 4,$467.31,⭐ 3.3 / 5,,XL,Men,2025-08-07 22:48:48
Outerwear 5,$321.59,⭐ 3.5 / 5,,XXL,Women,2025-08-07 22:48:48
Jacket 6,$153.37,⭐ 3.3 / 5,,S,Unisex,2025-08-07 22:48:48
Crewneck 7,$430.75,⭐ 4.3 / 5,,M,Men,2025-08-07 22:48:48
T-shirt 8,$487.66,⭐ 3.1 / 5,,L,Women,2025-08-07 22:48:48
Hoodie 9,$248.26,⭐ 3.2 / 5,,XL,Unisex,2025-08-07 22:48:48
Pants 10,$193.76,⭐ 4.2 / 5,,XXL,Men,2025-08-07 22:48:48
Unknown Product,$100.00,⭐ Invalid Rating / 5,,M,Men,2025-08-07 22:48:48
Jacket 12,$532.99,⭐ 3.9 / 5,,M,Unisex,2025-08-07 22:48:48
Crewneck 13,$340.45,⭐ 3.2 / 5,,L,Men,2025-08-07 22:48:48
T-shirt 14,$203.05,⭐ 3.8 / 5,,XL,Women,2025-08-07 22:48:48
Hoodie 15,$136.51,⭐ 3.6 / 5,,XXL,Unisex,2025-08-07 22:48:48
Pants 16,,Not Rated,,S,Men,2025-08-07 22:48:48
Outerwear 17,$52.60,⭐ 3.8 / 5,,M,Women,2025-08-07 22:48:48
Jacket 18,$343.75,⭐ 3.8 / 5,,L,Unisex,2025-08-07 22:48:48
Crewneck 19,$81.81,⭐ 3.6 / 5,,XL,Men,2025-08-07 22:48:48
T-shirt 20,$82.85,⭐ 3.4 / 5,,XXL,Women,2025-08-07 22:48:48
Unknown Product,$100.00,⭐ Invalid Rating / 5,,M,Men,2025-08-07 22:48:49
T-shirt 2,$102.15,⭐ 3.9 / 5,,M,Women,2025-08-07 22:48:49
Hoodie 3,$496.88,⭐ 4.8 / 5,,L,Unisex,2025-08-07 22:48:49
Pants 4,$467.31,⭐ 3.3 / 5,,XL,Men,2025-08-07 22:48:49
Outerwear 5,$321.59,⭐ 3.5 / 5,,XXL,Women,2025-08-07 22:48:49
Jacket 6,$153.37,⭐ 3.3 / 5,,S,Unisex,2025-08-07 22:48:49
Crewneck 7,$430.75,⭐ 4.3 / 5,,M,Men,2025-08-07 22:48:49
T-shirt 8,$487.66,⭐ 3.1 / 5,,L,Women,2025-08-07 22:48:49
Hoodie 9,$248.26,⭐ 3.2 / 5,,XL,Unisex,2025-08-07 22:48:49
Pants 10,$193.76,⭐ 4.2 / 5,,XXL,Men,2025-08-07 22:48:49
Unknown Product,$100.00,⭐ Invalid Rating / 5,,M,Men,2025-08-07 22:48:49
Jacket 12,$532.99,⭐ 3.9 / 5,,M,Unisex,2025-08-07 22:48:49
Crewneck 13,$340.45,⭐ 3.2 / 5,,L,Men,2025-08-07 22:48:49
T-shirt 14,$203.05,⭐ 3.8 / 5,,XL,Women,2025-08-07 22:48:49
Hoodie 15,$136.51,⭐ 3.6 / 5,,XXL,Unisex,2025-08-07 22:48:49
Pants 16,,Not Rated,,S,Men,2025-08-07 22:48:49
Outerwear 17,$52.60,⭐ 3.8 / 5,,M,Women,2025-08-07 22:48:49
Jacket 18,$343.75,⭐ 3.8 / 5,,L,Unisex,2025-08-07 22:48:49
Crewneck 19,$81.81,⭐ 3.6 / 5,,XL,Men,2025-08-07 22:48:49
T-shirt 20,$82.85,⭐ 3.4 / 5,,XXL,Women,2025-08-07 22:48:49
Unknown Product,$100.00,⭐ Invalid Rating / 5,,M,Men,2025-08-07 22:48:51
T-shirt 2,$102.15,⭐ 3.9 / 5,,M,Women,2025-08-07 22:48:51
Hoodie 3,$496.88,⭐ 4.8 / 5,,L,Unisex,2025-08-07 22:48:51
Pants 4,$467.31,⭐ 3.3 / 5,,XL,Men,2025-08-07 22:48:51
Outerwear 5,$321.59,⭐ 3.5 / 5,,XXL,Women,2025-08-07 22:48:51
Jacket 6,$153.37,⭐ 3.3 / 5,,S,Unisex,2025-08-07 22:48:51
Crewneck 7,$430.75,⭐ 4.3 / 5,,M,Men,2025-08-07 22:48:51
T-shirt 8,$487.66,⭐ 3.1 / 5,,L,Women,2025-08-07 22:48:51
Hoodie 9,$248.26,⭐ 3.2 / 5,,XL,Unisex,2025-08-07 22:48:51
Pants 10,$193.76,⭐ 4.2 / 5,,XXL,Men,2025-08-07 22:48:51
Unknown Product,$100.00,⭐ Invalid Rating / 5,,M,Men,2025-08-07 22:48:51
Jacket 12,$532.99,⭐ 3.9 / 5,,M,Unisex,2025-08-07 22:48:51
Crewneck 13,$340.45,⭐ 3.2 / 5,,L,Men,2025-08-07 22:48:51
T-shirt 14,$203.05,⭐ 3.8 / 5,,XL,Women,2025-08-07 22:48:51
Hoodie 15,$136.51,⭐ 3.6 / 5,,XXL,Unisex,2025-08-07 22:48:51
Pants 16,,Not Rated,,S,Men,2025-08-07 22:48:51
Outerwear 17,$52.60,⭐ 3.8 / 5,,M,Women,2025-08-07 22:48:51
Jacket 18,$343.75,⭐ 3.8 / 5,,L,Unisex,2025-08-07 22:48:51
Crewneck 19,$81.81,⭐ 3.6 / 5,,XL,Men,2025-08-07 22:48:51
T-shirt 20,$82.85,⭐ 3.4 / 5,,XXL,Women,2025-08-07 22:48:51
Unknown Product,$100.00,⭐ Invalid Rating / 5,,M,Men,2025-08-07 22:48:52
T-shirt 2,$102.15,⭐ 3.9 / 5,,M,Women,2025-08-07 22:48:52
Hoodie 3,$496.88,⭐ 4.8 / 5,,L,Unisex,2025-08-07 22:48:52
Pants 4,$467.31,⭐ 3.3 / 5,,XL,Men,2025-08-07 22:48:52
Outerwear 5,$321.59,⭐ 3.5 / 5,,XXL,Women,2025-08-07 22:48:52
Jacket 6,$153.37,⭐ 3.3 / 5,,S,Unisex,2025-08-07 22:48:52
Crewneck 7,$430.75,⭐ 4.3 / 5,,M,Men,2025-08-07 22:48:52
T-shirt 8,$487.66,⭐ 3.1 / 5,,L,Women,2025-08-07 22:48:52
Hoodie 9,$248.26,⭐ 3.2 / 5,,XL,Unisex,2025-08-07 22:48:52
Pants 10,$193.76,⭐ 4.2 / 5,,XXL,Men,2025-08-07 22:48:52
Unknown Product,$100.00,⭐ Invalid Rating / 5,,M,Men,2025-08-07 22:48:52
Jacket 12,$532.99,⭐ 3.9 / 5,,M,Unisex,2025-08-07 22:48:52
Crewneck 13,$340.45,⭐ 3.2 / 5,,L,Men,2025-08-07 22:48:52
T-shirt 14,$203.05,⭐ 3.8 / 5,,XL,Women,2025-08-07 22:48:52
Hoodie 15,$136.51,⭐ 3.6 / 5,,XXL,Unisex,2025-08-07 22:48:52
Pants 16,,Not Rated,,S,Men,2025-08-07 22:48:52
Outerwear 17,$52.60,⭐ 3.8 / 5,,M,Women,2025-08-07 22:48:52
Jacket 18,$343.75,⭐ 3.8 / 5,,L,Unisex,2025-08-07 22:48:52
Crewneck 19,$81.81,⭐ 3.6 / 5,,XL,Men,2025-08-07 22:48:52
T-shirt 20,$82.85,⭐ 3.4 / 5,,XXL,Women,2025-08-07 22:48:52
Unknown Product,$100.00,⭐ Invalid Rating / 5,,M,Men,2025-08-07 22:48:54
T-shirt 2,$102.15,⭐ 3.9 / 5,,M,Women,2025-08-07 22:48:54
Hoodie 3,$496.88,⭐ 4.8 / 5,,L,Unisex,2025-08-07 22:48:54
Pants 4,$467.31,⭐ 3.3 / 5,,XL,Men,2025-08-07 22:48:54
Outerwear 5,$321.59,⭐ 3.5 / 5,,XXL,Women,2025-08-07 22:48:54
Jacket 6,$153.37,⭐ 3.3 / 5,,S,Unisex,2025-08-07 22:48:54
Crewneck 7,$430.75,⭐ 4.3 / 5,,M,Men,2025-08-07 22:48:54
T-shirt 8,$487.66,⭐ 3.1 / 5,,L,Women,2025-08-07 22:48:54
Hoodie 9,$248.26,⭐ 3.2 / 5,,XL,Unisex,2025-08-07 22:48:54
Pants 10,$193.76,⭐ 4.2 / 5,,XXL,Men,2025-08-07 22:48:54
Unknown Product,$100.00,⭐ Invalid Rating / 5,,M,Men,2025-08-07 22:48:54
Jacket 12,$532.99,⭐ 3.9 / 5,,M,Unisex,2025-08-07 22:48:54
Crewneck 13,$340.45,⭐ 3.2 / 5,,L,Men,2025-08-07 22:48:54
T-shirt 14,$203.05,⭐ 3.8 / 5,,XL,Women,2025-08-07 22:48:54
Hoodie 15,$136.51,⭐ 3.6 / 5,,XXL,Unisex,2025-08-07 22:48:54
Pants 16,,Not Rated,,S,Men,2025-08-07 22:48:54
Outerwear 17,$52.60,⭐ 3.8 / 5,,M,Women,2025-08-07 22:48:54
Jacket 18,$343.75,⭐ 3.8 / 5,,L,Unisex,2025-08-07 22:48:54
Crewneck 19,$81.81,⭐ 3.6 / 5,,XL,Men,2025-08-07 22:48:54
T-shirt 20,$82.85,⭐ 3.4 / 5,,XXL,Women,2025-08-07 22:48:54
Unknown Product,$100.00,⭐ Invalid Rating / 5,,M,Men,2025-08-07 22:48:55
T-shirt 2,$102.15,⭐ 3.9 / 5,,M,Women,2025-08-07 22:48:55
Hoodie 3,$496.88,⭐ 4.8 / 5,,L,Unisex,2025-08-07 22:48:55
Pants 4,$467.31,⭐ 3.3 / 5,,XL,Men,2025-08-07 22:48:55
Outerwear 5,$321.59,⭐ 3.5 / 5,,XXL,Women,2025-08-07 22:48:55
Jacket 6,$153.37,⭐ 3.3 / 5,,S,Unisex,2025-08-07 22:48:55
Crewneck 7,$430.75,⭐ 4.3 / 5,,M,Men,2025-08-07 22:48:55
T-shirt 8,$487.66,⭐ 3.1 / 5,,L,Women,2025-08-07 22:48:55
Hoodie 9,$248.26,⭐ 3.2 / 5,,XL,Unisex,2025-08-07 22:48:55
Pants 10,$193.76,⭐ 4.2 / 5,,XXL,Men,2025-08-07 22:48:55
Unknown Product,$100.00,⭐ Invalid Rating / 5,,M,Men,2025-08-07 22:48:55
Jacket 12,$532.99,⭐ 3.9 / 5,,M,Unisex,2025-08-07 22:48:55
Crewneck 13,$340.45,⭐ 3.2 / 5,,L,Men,2025-08-07 22:48:55
T-shirt 14,$203.05,⭐ 3.8 / 5,,XL,Women,2025-08-07 22:48:55
Hoodie 15,$136.51,⭐ 3.6 / 5,,XXL,Unisex,2025-08-07 22:48:55
Pants 16,,Not Rated,,S,Men,2025-08-07 22:48:55
Outerwear 17,$52.60,⭐ 3.8 / 5,,M,Women,2025-08-07 22:48:55
Jacket 18,$343.75,⭐ 3.8 / 5,,L,Unisex,2025-08-07 22:48:55
Crewneck 19,$81.81,⭐ 3.6 / 5,,XL,Men,2025-08-07 22:48:55
T-shirt 20,$82.85,⭐ 3.4 / 5,,XXL,Women,2025-08-07 22:48:55
Unknown Product,$100.00,⭐ Invalid Rating / 5,,M,Men,2025-08-07 22:48:56
T-shirt 2,$102.15,⭐ 3.9 / 5,,M,Women,2025-08-07 22:48:56
Hoodie 3,$496.88,⭐ 4.8 / 5,,L,Unisex,2025-08-07 22:48:56
Pants 4,$467.31,⭐ 3.3 / 5,,XL,Men,2025-08-07 22:48:56
Outerwear 5,$321.59,⭐ 3.5 / 5,,XXL,Women,2025-08-07 22:48:56
Jacket 6,$153.37,⭐ 3.3 / 5,,S,Unisex,2025-08-07 22:48:56
Crewneck 7,$430.75,⭐ 4.3 / 5,,M,Men,2025-08-07 22:48:56
T-shirt 8,$487.66,⭐ 3.1 / 5,,L,Women,2025-08-07 22:48:56
Hoodie 9,$248.26,⭐ 3.2 / 5,,XL,Unisex,2025-08-07 22:48:56
Pants 10,$193.76,⭐ 4.2 / 5,,XXL,Men,2025-08-07 22:48:56
Unknown Product,$100.00,⭐ Invalid Rating / 5,,M,Men,2025-08-07 22:48:56
Jacket 12,$532.99,⭐ 3.9 / 5,,M,Unisex,2025-08-07 22:48:56
Crewneck 13,$340.45,⭐ 3.2 / 5,,L,Men,2025-08-07 22:48:56
T-shirt 14,$203.05,⭐ 3.8 / 5,,XL,Women,2025-08-07 22:48:56
Hoodie 15,$136.51,⭐ 3.6 / 5,,XXL,Unisex,2025-08-07 22:48:56
Pants 16,,Not Rated,,S,Men,2025-08-07 22:48:56
Outerwear 17,$52.60,⭐ 3.8 / 5,,M,Women,2025-08-07 22:48:56
Jacket 18,$343.75,⭐ 3.8 / 5,,L,Unisex,2025-08-07 22:48:56
Crewneck 19,$81.81,⭐ 3.6 / 5,,XL,Men,2025-08-07 22:48:56
T-shirt 20,$82.85,⭐ 3.4 / 5,,XXL,Women,2025-08-07 22:48:56
Unknown Product,$100.00,⭐ Invalid Rating / 5,,M,Men,2025-08-07 22:48:57
T-shirt 2,$102.15,⭐ 3.9 / 5,,M,Women,2025-08-07 22:48:57
Hoodie 3,$496.88,⭐ 4.8 / 5,,L,Unisex,2025-08-07 22:48:57
Pants 4,$467.31,⭐ 3.3 / 5,,XL,Men,2025-08-07 22:48:57
Outerwear 5,$321.59,⭐ 3.5 / 5,,XXL,Women,2025-08-07 22:48:57
Jacket 6,$153.37,⭐ 3.3 / 5,,S,Unisex,2025-08-07 22:48:57
Crewneck 7,$430.75,⭐ 4.3 / 5,,M,Men,2025-08-07 22:48:57
T-shirt 8,$487.66,⭐ 3.1 / 5,,L,Women,2025-08-07 22:48:57
Hoodie 9,$248.26,⭐ 3.2 / 5,,XL,Unisex,2025-08-07 22:48:57
Pants 10,$193.76,⭐ 4.2 / 5,,XXL,Men,2025-08-07 22:48:57
Unknown Product,$100.00,⭐ Invalid Rating / 5,,M,Men,2025-08-07 22:48:57
Jacket 12,$532.99,⭐ 3.9 / 5,,M,Unisex,2025-08-07 22:48:57
Crewneck 13,$340.45,⭐ 3.2 / 5,,L,Men,2025-08-07 22:48:57
T-shirt 14,$203.05,⭐ 3.8 / 5,,XL,Women,2025-08-07 22:48:57
Hoodie 15,$136.51,⭐ 3.6 / 5,,XXL,Unisex,2025-08-07 22:48:57
Pants 16,,Not Rated,,S,Men,2025-08-07 22:48:57
Outerwear 17,$52.60,⭐ 3.8 / 5,,M,Women,2025-08-07 22:48:57
Jacket 18,$343.75,⭐ 3.8 / 5,,L,Unisex,2025-08-07 22:48:57
Crewneck 19,$81.81,⭐ 3.6 / 5,,XL,Men,2025-08-07 22:48:57
T-shirt 20,$82.85,⭐ 3.4 / 5,,XXL,Women,2025-08-07 22:48:57
Unknown Product,$100.00,⭐ Invalid Rating / 5,,M,Men,2025-08-07 22:48:59
T-shirt 2,$102.15,⭐ 3.9 / 5,,M,Women,2025-08-07 22:48:59
Hoodie 3,$496.88,⭐ 4.8 / 5,,L,Unisex,2025-08-07 22:48:59
Pants 4,$467.31,⭐ 3.3 / 5,,XL,Men,2025-08-07 22:48:59
Outerwear 5,$321.59,⭐ 3.5 / 5,,XXL,Women,2025-08-07 22:48:59
Jacket 6,$153.37,⭐ 3.3 / 5,,S,Unisex,2025-08-07 22:48:59
Crewneck 7,$430.75,⭐ 4.3 / 5,,M,Men,2025-08-07 22:48:59
T-shirt 8,$487.66,⭐ 3.1 / 5,,L,Women,2025-08-07 22:48:59
Hoodie 9,$248.26,⭐ 3.2 / 5,,XL,Unisex,2025-08-07 22:48:59
Pants 10,$193.76,⭐ 4.2 / 5,,XXL,Men,2025-08-07 22:48:59
Unknown Product,$100.00,⭐ Invalid Rating / 5,,M,Men,2025-08-07 22:48:59
Jacket 12,$532.99,⭐ 3.9 / 5,,M,Unisex,2025-08-07 22:48:59
Crewneck 13,$340.45,⭐ 3.2 / 5,,L,Men,2025-08-07 22:48:59
T-shirt 14,$203.05,⭐ 3.8 / 5,,XL,Women,2025-08-07 22:48:59
Hoodie 15,$136.51,⭐ 3.6 / 5,,XXL,Unisex,2025-08-07 22:48:59
Pants 16,,Not Rated,,S,Men,2025-08-07 22:48:59
Outerwear 17,$52.60,⭐ 3.8 / 5,,M,Women,2025-08-07 22:48:59
Jacket 18,$343.75,⭐ 3.8 / 5,,L,Unisex,2025-08-07 22:48:59
Crewneck 19,$81.81,⭐ 3.6 / 5,,XL,Men,2025-08-07 22:48:59
T-shirt 20,$82.85,⭐ 3.4 / 5,,XXL,Women,2025-08-07 22:48:59
Unknown Product,$100.00,⭐ Invalid Rating / 5,,M,Men,2025-08-07 22:49:00
T-shirt 2,$102.15,⭐ 3.9 / 5,,M,Women,2025-08-07 22:49:00
Hoodie 3,$496.88,⭐ 4.8 / 5,,L,Unisex,2025-08-07 22:49:00
Pants 4,$467.31,⭐ 3.3 / 5,,XL,Men,2025-08-07 22:49:00
Outerwear 5,$321.59,⭐ 3.5 / 5,,XXL,Women,2025-08-07 22:49:00
Jacket 6,$153.37,⭐ 3.3 / 5,,S,Unisex,2025-08-07 22:49:00
Crewneck 7,$430.75,⭐ 4.3 / 5,,M,Men,2025-08-07 22:49:00
T-shirt 8,$487.66,⭐ 3.1 / 5,,L,Women,2025-08-07 22:49:00
Hoodie 9,$248.26,⭐ 3.2 / 5,,XL,Unisex,2025-08-07 22:49:00
Pants 10,$193.76,⭐ 4.2 / 5,,XXL,Men,2025-08-07 22:49:00
Unknown Product,$100.00,⭐ Invalid Rating / 5,,M,Men,2025-08-07 22:49:00
Jacket 12,$532.99,⭐ 3.9 / 5,,M,Unisex,2025-08-07 22:49:00
Crewneck 13,$340.45,⭐ 3.2 / 5,,L,Men,2025-08-07 22:49:00
T-shirt 14,$203.05,⭐ 3.8 / 5,,XL,Women,2025-08-07 22:49:00
Hoodie 15,$136.51,⭐ 3.6 / 5,,XXL,Unisex,2025-08-07 22:49:00
Pants 16,,Not Rated,,S,Men,2025-08-07 22:49:00
Outerwear 17,$52.60,⭐ 3.8 / 5,,M,Women,2025-08-07 22:49:00
Jacket 18,$343.75,⭐ 3.8 / 5,,L,Unisex,2025-08-07 22:49:00
Crewneck 19,$81.81,⭐ 3.6 / 5,,XL,Men,2025-08-07 22:49:00
T-shirt 20,$82.85,⭐ 3.4 / 5,,XXL,Women,2025-08-07 22:49:00
Unknown Product,$100.00,⭐ Invalid Rating / 5,,M,Men,2025-08-07 22:49:01
T-shirt 2,$102.15,⭐ 3.9 / 5,,M,Women,2025-08-07 22:49:01
Hoodie 3,$496.88,⭐ 4.8 / 5,,L,Unisex,2025-08-07 22:49:01
Pants 4,$467.31,⭐ 3.3 / 5,,XL,Men,2025-08-07 22:49:01
Outerwear 5,$321.59,⭐ 3.5 / 5,,XXL,Women,2025-08-07 22:49:01
Jacket 6,$153.37,⭐ 3.3 / 5,,S,Unisex,2025-08-07 22:49:01
Crewneck 7,$430.75,⭐ 4.3 / 5,,M,Men,2025-08-07 22:49:01
T-shirt 8,$487.66,⭐ 3.1 / 5,,L,Women,2025-08-07 22:49:01
Hoodie 9,$248.26,⭐ 3.2 / 5,,XL,Unisex,2025-08-07 22:49:01
Pants 10,$193.76,⭐ 4.2 / 5,,XXL,Men,2025-08-07 22:49:01
Unknown Product,$100.00,⭐ Invalid Rating / 5,,M,Men,2025-08-07 22:49:01
Jacket 12,$532.99,⭐ 3.9 / 5,,M,Unisex,2025-08-07 22:49:01
Crewneck 13,$340.45,⭐ 3.2 / 5,,L,Men,2025-08-07 22:49:01
T-shirt 14,$203.05,⭐ 3.8 / 5,,XL,Women,2025-08-07 22:49:01
Hoodie 15,$136.51,⭐ 3.6 / 5,,XXL,Unisex,2025-08-07 22:49:01
Pants 16,,Not Rated,,S,Men,2025-08-07 22:49:01
Outerwear 17,$52.60,⭐ 3.8 / 5,,M,Women,2025-08-07 22:49:01
Jacket 18,$343.75,⭐ 3.8 / 5,,L,Unisex,2025-08-07 22:49:01
Crewneck 19,$81.81,⭐ 3.6 / 5,,XL,Men,2025-08-07 22:49:01
T-shirt 20,$82.85,⭐ 3.4 / 5,,XXL,Women,2025-08-07 22:49:01
Unknown Product,$100.00,⭐ Invalid Rating / 5,,M,Men,2025-08-07 22:49:03
T-shirt 2,$102.15,⭐ 3.9 / 5,,M,Women,2025-08-07 22:49:03
Hoodie 3,$496.88,⭐ 4.8 / 5,,L,Unisex,2025-08-07 22:49:03
Pants 4,$467.31,⭐ 3.3 / 5,,XL,Men,2025-08-07 22:49:03
Outerwear 5,$321.59,⭐ 3.5 / 5,,XXL,Women,2025-08-07 22:49:03
Jacket 6,$153.37,⭐ 3.3 / 5,,S,Unisex,2025-08-07 22:49:03
Crewneck 7,$430.75,⭐ 4.3 / 5,,M,Men,2025-08-07 22:49:03
T-shirt 8,$487.66,⭐ 3.1 / 5,,L,Women,2025-08-07 22:49:03
Hoodie 9,$248.26,⭐ 3.2 / 5,,XL,Unisex,2025-08-07 22:49:03
Pants 10,$193.76,⭐ 4.2 / 5,,XXL,Men,2025-08-07 22:49:03
Unknown Product,$100.00,⭐ Invalid Rating / 5,,M,Men,2025-08-07 22:49:03
Jacket 12,$532.99,⭐ 3.9 / 5,,M,Unisex,2025-08-07 22:49:03
Crewneck 13,$340.45,⭐ 3.2 / 5,,L,Men,2025-08-07 22:49:03
T-shirt 14,$203.05,⭐ 3.8 / 5,,XL,Women,2025-08-07 22:49:03
Hoodie 15,$136.51,⭐ 3.6 / 5,,XXL,Unisex,2025-08-07 22:49:03
Pants 16,,Not Rated,,S,Men,2025-08-07 22:49:03
Outerwear 17,$52.60,⭐ 3.8 / 5,,M,Women,2025-08-07 22:49:03
Jacket 18,$343.75,⭐ 3.8 / 5,,L,Unisex,2025-08-07 22:49:03
Crewneck 19,$81.81,⭐ 3.6 / 5,,XL,Men,2025-08-07 22:49:03
T-shirt 20,$82.85,⭐ 3.4 / 5,,XXL,Women,2025-08-07 22:49:03
Unknown Product,$100.00,⭐ Invalid Rating / 5,,M,Men,2025-08-07 22:49:04
T-shirt 2,$102.15,⭐ 3.9 / 5,,M,Women,2025-08-07 22:49:04
Hoodie 3,$496.88,⭐ 4.8 / 5,,L,Unisex,2025-08-07 22:49:04
Pants 4,$467.31,⭐ 3.3 / 5,,XL,Men,2025-08-07 22:49:04
Outerwear 5,$321.59,⭐ 3.5 / 5,,XXL,Women,2025-08-07 22:49:04
Jacket 6,$153.37,⭐ 3.3 / 5,,S,Unisex,2025-08-07 22:49:04
Crewneck 7,$430.75,⭐ 4.3 / 5,,M,Men,2025-08-07 22:49:04
T-shirt 8,$487.66,⭐ 3.1 / 5,,L,Women,2025-08-07 22:49:04
Hoodie 9,$248.26,⭐ 3.2 / 5,,XL,Unisex,2025-08-07 22:49:04
Pants 10,$193.76,⭐ 4.2 / 5,,XXL,Men,2025-08-07 22:49:04
Unknown Product,$100.00,⭐ Invalid Rating / 5,,M,Men,2025-08-07 22:49:04
Jacket 12,$532.99,⭐ 3.9 / 5,,M,Unisex,2025-08-07 22:49:04
Crewneck 13,$340.45,⭐ 3.2 / 5,,L,Men,2025-08-07 22:49:04
T-shirt 14,$203.05,⭐ 3.8 / 5,,XL,Women,2025-08-07 22:49:04
Hoodie 15,$136.51,⭐ 3.6 / 5,,XXL,Unisex,2025-08-07 22:49:04
Pants 16,,Not Rated,,S,Men,2025-08-07 22:49:04
Outerwear 17,$52.60,⭐ 3.8 / 5,,M,Women,2025-08-07 22:49:04
Jacket 18,$343.75,⭐ 3.8 / 5,,L,Unisex,2025-08-07 22:49:04
Crewneck 19,$81.81,⭐ 3.6 / 5,,XL,Men,2025-08-07 22:49:04
T-shirt 20,$82.85,⭐ 3.4 / 5,,XXL,Women,2025-08-07 22:49:04
Unknown Product,$100.00,⭐ Invalid Rating / 5,,M,Men,2025-08-07 22:49:05
T-shirt 2,$102.15,⭐ 3.9 / 5,,M,Women,2025-08-07 22:49:05
Hoodie 3,$496.88,⭐ 4.8 / 5,,L,Unisex,2025-08-07 22:49:05
Pants 4,$467.31,⭐ 3.3 / 5,,XL,Men,2025-08-07 22:49:05
Outerwear 5,$321.59,⭐ 3.5 / 5,,XXL,Women,2025-08-07 22:49:05
Jacket 6,$153.37,⭐ 3.3 / 5,,S,Unisex,2025-08-07 22:49:05
Crewneck 7,$430.75,⭐ 4.3 / 5,,M,Men,2025-08-07 22:49:05
T-shirt 8,$487.66,⭐ 3.1 / 5,,L,Women,2025-08-07 22:49:05
Hoodie 9,$248.26,⭐ 3.2 / 5,,XL,Unisex,2025-08-07 22:49:05
Pants 10,$193.76,⭐ 4.2 / 5,,XXL,Men,2025-08-07 22:49:05
Unknown Product,$100.00,⭐ Invalid Rating / 5,,M,Men,2025-08-07 22:49:05
Jacket 12,$532.99,⭐ 3.9 / 5,,M,Unisex,2025-08-07 22:49:05
Crewneck 13,$340.45,⭐ 3.2 / 5,,L,Men,2025-08-07 22:49:05
T-shirt 14,$203.05,⭐ 3.8 / 5,,XL,Women,2025-08-07 22:49:05
Hoodie 15,$136.51,⭐ 3.6 / 5,,XXL,Unisex,2025-08-07 22:49:05
Pants 16,,Not Rated,,S,Men,2025-08-07 22:49:05
Outerwear 17,$52.60,⭐ 3.8 / 5,,M,Women,2025-08-07 22:49:05
Jacket 18,$343.75,⭐ 3.8 / 5,,L,Unisex,2025-08-07 22:49:05
Crewneck 19,$81.81,⭐ 3.6 / 5,,XL,Men,2025-08-07 22:49:05
T-shirt 20,$82.85,⭐ 3.4 / 5,,XXL,Women,2025-08-07 22:49:05
Unknown Product,$100.00,⭐ Invalid Rating / 5,,M,Men,2025-08-07 22:49:07
T-shirt 2,$102.15,⭐ 3.9 / 5,,M,Women,2025-08-07 22:49:07
Hoodie 3,$496.88,⭐ 4.8 / 5,,L,Unisex,2025-08-07 22:49:07
Pants 4,$467.31,⭐ 3.3 / 5,,XL,Men,2025-08-07 22:49:07
Outerwear 5,$321.59,⭐ 3.5 / 5,,XXL,Women,2025-08-07 22:49:07
Jacket 6,$153.37,⭐ 3.3 / 5,,S,Unisex,2025-08-07 22:49:07
Crewneck 7,$430.75,⭐ 4.3 / 5,,M,Men,2025-08-07 22:49:07
T-shirt 8,$487.66,⭐ 3.1 / 5,,L,Women,2025-08-07 22:49:07
Hoodie 9,$248.26,⭐ 3.2 / 5,,XL,Unisex,2025-08-07 22:49:07
Pants 10,$193.76,⭐ 4.2 / 5,,XXL,Men,2025-08-07 22:49:07
Unknown Product,$100.00,⭐ Invalid Rating / 5,,M,Men,2025-08-07 22:49:07
Jacket 12,$532.99,⭐ 3.9 / 5,,M,Unisex,2025-08-07 22:49:07
Crewneck 13,$340.45,⭐ 3.2 / 5,,L,Men,2025-08-07 22:49:07
T-shirt 14,$203.05,⭐ 3.8 / 5,,XL,Women,2025-08-07 22:49:07
Hoodie 15,$136.51,⭐ 3.6 / 5,,XXL,Unisex,2025-08-07 22:49:07
Pants 16,,Not Rated,,S,Men,2025-08-07 22:49:07
Outerwear 17,$52.60,⭐ 3.8 / 5,,M,Women,2025-08-07 22:49:07
Jacket 18,$343.75,⭐ 3.8 / 5,,L,Unisex,2025-08-07 22:49:07
Crewneck 19,$81.81,⭐ 3.6 / 5,,XL,Men,2025-08-07 22:49:07
T-shirt 20,$82.85,⭐ 3.4 / 5,,XXL,Women,2025-08-07 22:49:07
Unknown Product,$100.00,⭐ Invalid Rating / 5,,M,Men,2025-08-07 22:49:08
T-shirt 2,$102.15,⭐ 3.9 / 5,,M,Women,2025-08-07 22:49:08
Hoodie 3,$496.88,⭐ 4.8 / 5,,L,Unisex,2025-08-07 22:49:08
Pants 4,$467.31,⭐ 3.3 / 5,,XL,Men,2025-08-07 22:49:08
Outerwear 5,$321.59,⭐ 3.5 / 5,,XXL,Women,2025-08-07 22:49:08
Jacket 6,$153.37,⭐ 3.3 / 5,,S,Unisex,2025-08-07 22:49:08
Crewneck 7,$430.75,⭐ 4.3 / 5,,M,Men,2025-08-07 22:49:08
T-shirt 8,$487.66,⭐ 3.1 / 5,,L,Women,2025-08-07 22:49:08
Hoodie 9,$248.26,⭐ 3.2 / 5,,XL,Unisex,2025-08-07 22:49:08
Pants 10,$193.76,⭐ 4.2 / 5,,XXL,Men,2025-08-07 22:49:08
Unknown Product,$100.00,⭐ Invalid Rating / 5,,M,Men,2025-08-07 22:49:08
Jacket 12,$532.99,⭐ 3.9 / 5,,M,Unisex,2025-08-07 22:49:08
Crewneck 13,$340.45,⭐ 3.2 / 5,,L,Men,2025-08-07 22:49:08
T-shirt 14,$203.05,⭐ 3.8 / 5,,XL,Women,2025-08-07 22:49:08
Hoodie 15,$136.51,⭐ 3.6 / 5,,XXL,Unisex,2025-08-07 22:49:08
Pants 16,,Not Rated,,S,Men,2025-08-07 22:49:08
Outerwear 17,$52.60,⭐ 3.8 / 5,,M,Women,2025-08-07 22:49:08
Jacket 18,$343.75,⭐ 3.8 / 5,,L,Unisex,2025-08-07 22:49:08
Crewneck 19,$81.81,⭐ 3.6 / 5,,XL,Men,2025-08-07 22:49:08
T-shirt 20,$82.85,⭐ 3.4 / 5,,XXL,Women,2025-08-07 22:49:08
Unknown Product,$100.00,⭐ Invalid Rating / 5,,M,Men,2025-08-07 22:49:09
T-shirt 2,$102.15,⭐ 3.9 / 5,,M,Women,2025-08-07 22:49:09
Hoodie 3,$496.88,⭐ 4.8 / 5,,L,Unisex,2025-08-07 22:49:09
Pants 4,$467.31,⭐ 3.3 / 5,,XL,Men,2025-08-07 22:49:09
Outerwear 5,$321.59,⭐ 3.5 / 5,,XXL,Women,2025-08-07 22:49:09
Jacket 6,$153.37,⭐ 3.3 / 5,,S,Unisex,2025-08-07 22:49:09
Crewneck 7,$430.75,⭐ 4.3 / 5,,M,Men,2025-08-07 22:49:09
T-shirt 8,$487.66,⭐ 3.1 / 5,,L,Women,2025-08-07 22:49:09
Hoodie 9,$248.26,⭐ 3.2 / 5,,XL,Unisex,2025-08-07 22:49:09
Pants 10,$193.76,⭐ 4.2 / 5,,XXL,Men,2025-08-07 22:49:09
Unknown Product,$100.00,⭐ Invalid Rating / 5,,M,Men,2025-08-07 22:49:09
Jacket 12,$532.99,⭐ 3.9 / 5,,M,Unisex,2025-08-07 22:49:09
Crewneck 13,$340.45,⭐ 3.2 / 5,,L,Men,2025-08-07 22:49:09
T-shirt 14,$203.05,⭐ 3.8 / 5,,XL,Women,2025-08-07 22:49:09
Hoodie 15,$136.51,⭐ 3.6 / 5,,XXL,Unisex,2025-08-07 22:49:09
Pants 16,,Not Rated,,S,Men,2025-08-07 22:49:09
Outerwear 17,$52.60,⭐ 3.8 / 5,,M,Women,2025-08-07 22:49:09
Jacket 18,$343.75,⭐ 3.8 / 5,,L,Unisex,2025-08-07 22:49:09
Crewneck 19,$81.81,⭐ 3.6 / 5,,XL,Men,2025-08-07 22:49:09
T-shirt 20,$82.85,⭐ 3.4 / 5,,XXL,Women,2025-08-07 22:49:09
Unknown Product,$100.00,⭐ Invalid Rating / 5,,M,Men,2025-08-07 22:49:11
T-shirt 2,$102.15,⭐ 3.9 / 5,,M,Women,2025-08-07 22:49:11
Hoodie 3,$496.88,⭐ 4.8 / 5,,L,Unisex,2025-08-07 22:49:11
Pants 4,$467.31,⭐ 3.3 / 5,,XL,Men,2025-08-07 22:49:11
Outerwear 5,$321.59,⭐ 3.5 / 5,,XXL,Women,2025-08-07 22:49:11
Jacket 6,$153.37,⭐ 3.3 / 5,,S,Unisex,2025-08-07 22:49:11
Crewneck 7,$430.75,⭐ 4.3 / 5,,M,Men,2025-08-07 22:49:11
T-shirt 8,$487.66,⭐ 3.1 / 5,,L,Women,2025-08-07 22:49:11
Hoodie 9,$248.26,⭐ 3.2 / 5,,XL,Unisex,2025-08-07 22:49:11
Pants 10,$193.76,⭐ 4.2 / 5,,XXL,Men,2025-08-07 22:49:11
Unknown Product,$100.00,⭐ Invalid Rating / 5,,M,Men,2025-08-07 22:49:11
Jacket 12,$532.99,⭐ 3.9 / 5,,M,Unisex,2025-08-07 22:49:11
Crewneck 13,$340.45,⭐ 3.2 / 5,,L,Men,2025-08-07 22:49:11
T-shirt 14,$203.05,⭐ 3.8 / 5,,XL,Women,2025-08-07 22:49:11
Hoodie 15,$136.51,⭐ 3.6 / 5,,XXL,Unisex,2025-08-07 22:49:11
Pants 16,,Not Rated,,S,Men,2025-08-07 22:49:11
Outerwear 17,$52.60,⭐ 3.8 / 5,,M,Women,2025-08-07 22:49:11
Jacket 18,$343.75,⭐ 3.8 / 5,,L,Unisex,2025-08-07 22:49:11
Crewneck 19,$81.81,⭐ 3.6 / 5,,XL,Men,2025-08-07 22:49:11
T-shirt 20,$82.85,⭐ 3.4 / 5,,XXL,Women,2025-08-07 22:49:11
Unknown Product,$100.00,⭐ Invalid Rating / 5,,M,Men,2025-08-07 22:49:12
T-shirt 2,$102.15,⭐ 3.9 / 5,,M,Women,2025-08-07 22:49:12
Hoodie 3,$496.88,⭐ 4.8 / 5,,L,Unisex,2025-08-07 22:49:12
Pants 4,$467.31,⭐ 3.3 / 5,,XL,Men,2025-08-07 22:49:12
Outerwear 5,$321.59,⭐ 3.5 / 5,,XXL,Women,2025-08-07 22:49:12
Jacket 6,$153.37,⭐ 3.3 / 5,,S,Unisex,2025-08-07 22:49:12
Crewneck 7,$430.75,⭐ 4.3 / 5,,M,Men,2025-08-07 22:49:12
T-shirt 8,$487.66,⭐ 3.1 / 5,,L,Women,2025-08-07 22:49:12
Hoodie 9,$248.26,⭐ 3.2 / 5,,XL,Unisex,2025-08-07 22:49:12
Pants 10,$193.76,⭐ 4.2 / 5,,XXL,Men,2025-08-07 22:49:12
Unknown Product,$100.00,⭐ Invalid Rating / 5,,M,Men,2025-08-07 22:49:12
Jacket 12,$532.99,⭐ 3.9 / 5,,M,Unisex,2025-08-07 22:49:12
Crewneck 13,$340.45,⭐ 3.2 / 5,,L,Men,2025-08-07 22:49:12
T-shirt 14,$203.05,⭐ 3.8 / 5,,XL,Women,2025-08-07 22:49:12
Hoodie 15,$136.51,⭐ 3.6 / 5,,XXL,Unisex,2025-08-07 22:49:12
Pants 16,,Not Rated,,S,Men,2025-08-07 22:49:12
Outerwear 17,$52.60,⭐ 3.8 / 5,,M,Women,2025-08-07 22:49:12
Jacket 18,$343.75,⭐ 3.8 / 5,,L,Unisex,2025-08-07 22:49:12
Crewneck 19,$81.81,⭐ 3.6 / 5,,XL,Men,2025-08-07 22:49:12
T-shirt 20,$82.85,⭐ 3.4 / 5,,XXL,Women,2025-08-07 22:49:12
